Workbook

Sheet Nutrition
A1: Ingredient | B1: Amount (Meal) | C1: Amount (USDA) | D1: Calories | E1: Fat | F1: Sodium | G1: Carbs | H1: Protein | I1: Link
A2: USDA: https://fdc.nal.usda.gov/ *if you cant find it on usda, just go to nutrition info on the website link*
A3: Baked Feta Pasta - Taryn
A4: Baby Spinach | B4: 1 bag | C4: 100g | D4: 32.2kcal | E4: 0.6g | F4: 110.6mg | G4: 5.0g | H4: 4.1g | I4: Spinach, baby - Components - Foundation | USDA FoodData Central
A5: Cherry Tomatoes | B5: 1 container | C5: 100g | D5: 50.4kcal | E5: 0.6g | F5: 14.0mg | G5: 10.9g | H5: 2.5g | I5: Pasta, dry, enriched - Nutrients - SR Legacy | USDA FoodData Central
A6: Feta block | B6: 1 container | C6: 100g | D6: 596.6kcal | E6: 47.5g | F6: 2072.4mg | G6: 9.3g | H6: 31.6g | I6: Cheese, feta - Nutrients - SR Legacy | USDA FoodData Central
A7: Olive oil | B7: 2 tbsp | C7: 1tbsp | D7: 238.0kcal | E7: 28.0g | F7: 0.0mg | G7: 0.0g | H7: 0.0g | I7: Oil, olive, salad or cooking - Nutrients - SR Legacy | USDA FoodData Central
A8: Salt/Pepper | B8: generous amount | C8: 1tsp | D8: 0.0kcal | E8: 0.0g | F8: 2300.0mg | G8: 0.0g | H8: 0.0g | I8: Salt, table, iodized - Nutrients - Foundation | USDA FoodData Central | J8: Spices, pepper, black - Nutrients - SR Legacy | USDA FoodData Central
A9: Minced garlic | B9: 2 tbsp | C9: 1tbsp | D9: 30.0kcal | E9: 0.0g | F9: 2.0mg | G9: 6.0g | H9: 2.0g | I9: Garlic, raw - Nutrients - Foundation | USDA FoodData Central
A10: Pasta | B10: 8 oz | C10: 1oz_dry | D10: 800.0kcal | E10: 4.0g | F10: 0.0mg | G10: 168.0g | H10: 28.0g | I10: Pasta, dry, enriched - Nutrients - SR Legacy | USDA FoodData Central
A11: Totals/Meal Total
A12: Recipe Reference: https://thespicegirlkitchen.com/creamy-salmon-pasta/
A14: Overnight Oats - Taryn
A15: Old fashioned oats | B15: 1/4 cup | C15: 1/4 cup | D15: 37.5kcal | E15: 0.6g | F15: 0.0mg | G15: 6.8g | H15: 1.2g | I15: Oats, whole grain, rolled, old fashioned - Nutrients - Foundation | USDA FoodData Central
A16: Greek yogurt | B16: 1/4 cup | C16: 1/4 cup | D16: 7.5kcal | E16: 0.0g | F16: 3.8mg | G16: 0.4g | H16: 1.1g | I16: Yogurt, Greek, plain, nonfat - Nutrients - Foundation | USDA FoodData Central
A17: Milk (2%?) | B17: 1/3 cup | C17: 1 cup | D17: 40.7kcal | E17: 1.6g | F17: 38.3mg | G17: 4.0g | H17: 2.7g | I17: Milk, reduced fat, fluid, 2% milkfat, with added vitamin A and vitamin D - Nutrients - Foundation | USDA FoodData Central
A18: Chia Seeds | B18: 2 tsp | C18: 2 tsp | D18: 200.0kcal | E18: 12.0g | F18: 6.0mg | G18: 16.0g | H18: 7.0g | I18: Chia seeds, dry, raw - Nutrients - Foundation | USDA FoodData Central
A19: Blueberries | B19: 1/4 cup | C19: 1/4 cup | D19: 5.2kcal | E19: 0.0g | F19: 0.0mg | G19: 1.2g | H19: 0.1g | I19: Chia seeds, dry, raw - Nutrients - Foundation | USDA FoodData Central
A20: Honey | B20: 2 tsp | C20: 1 tsp | D20: 42.0kcal | E20: 0.0g | F20: 0.0mg | G20: 12.0g | H20: 0.0g | I20: Honey - Nutrients - SR Legacy | USDA FoodData Central
A21: Totals/Meal Total
A22: Recipe reference: https://www.allrecipes.com/recipe/244251/no-cook-overnight-oatmeal/
A24: Quesidilla - Liliana
A25: Tortilla (Large?) | B25: 8 | C25: 1 piece | D25: 1680.0kcal | E25: 40.0g | F25: 3600.0mg | G25: 280.0g | H25: 48.0g | I25: Tortillas, ready-to-bake or -fry, flour, shelf stable
A26: Butter | B26: 1 tbs | C26: 1 tbsp | D26: 102.0kcal | E26: 12.0g | F26: 90.0mg | G26: 0.0g | H26: 0.1g | I26: Butter, salted
A27: Chicken breast | B27: 2 breasts | C27: 100g_raw | D27: 240.0kcal | E27: 5.2g | F27: 90.0mg | G27: 0.0g | H27: 46.0g | I27: Chicken, breast, boneless, skinless, raw
A28: Black beans | B28: 1 can | C28: 1 cup | D28: 340.5kcal | E28: 1.5g | F28: 15.0mg | G28: 61.5g | H28: 22.5g | I28: Beans, black, canned, sodium added, drained and rinsed
A29: Shredded cheddar cheese | B29: 1/4 cup | C29: 1 cup | D29: 113.8kcal | E29: 9.2g | F29: 175.5mg | G29: 0.4g | H29: 7.0g | I29: Cheese, cheddar
A30: Salt/Pepper | B30: 1 tsp | C30: 1tsp | D30: 0.0kcal | E30: 0.0g | F30: 2300.0mg | G30: 0.0g | H30: 0.0g | I30: Repeat Item
A31: Olive oil (sub with vegetable) | B31: 1 Tbs | C31: 1tbsp | D31: 119.0kcal | E31: 14.0g | F31: 0.0mg | G31: 0.0g | H31: 0.0g | I31: Repeat Item
A32: Totals/Meal Total
A33: Recipe Reference:
A35: Taco Soup - Liliana
A36: Ground Beef | B36: 1lb | C36: 1 lb | D36: 1152.0kcal | E36: 91.0g | F36: 300.0mg | G36: 0.0g | H36: 78.0g | I36: Beef, grass-fed, ground, raw
A37: Onion (yellow?) | B37: 1 | C37: 1 medium | D37: 45.0kcal | E37: 0.1g | F37: 5.0mg | G37: 11.0g | H37: 1.2g | I37: Onions, yellow, raw
A38: Diced tomatos | B38: 1 can | C38: 1 can_14.5oz | D38: 100.0kcal | E38: 0.0g | F38: 600.0mg | G38: 22.0g | H38: 4.0g | I38: Tomatoes, canned, red, ripe, diced
A39: Taco seasoning | B39: 1 packet | C39: 1 packet | D39: 90.0kcal | E39: 0.0g | F39: 2200.0mg | G39: 18.0g | H39: 0.0g | I39: Seasoning mix, dry, taco, original
A40: Kidney beans | B40: 1 can | C40: 1 cup | D40: 322.5kcal | E40: 1.5g | F40: 15.0mg | G40: 55.5g | H40: 19.5g | I40: Kidney beans, from canned, no added fat
A41: Sweet corn | B41: 1 can | C41: 1 can_15oz | D41: 280.0kcal | E41: 4.0g | F41: 800.0mg | G41: 60.0g | H41: 8.0g | I41: Corn, sweet, white, canned, whole kernel, drained solids
A42: Salt/Pepper | B42: A pinch | C42: 1tsp | D42: 0.0kcal | E42: 0.0g | F42: 2300.0mg | G42: 0.0g | H42: 0.0g | I42: Repeat Item
A43: Shredded cheddar cheese | B43: 1.5 cup bag | C43: 1 cup | D43: 455.0kcal | E43: 37.0g | F43: 702.0mg | G43: 1.5g | H43: 28.0g | I43: Repeat Item
A44: Fritos | B44: half bag | C44: 1 oz | D44: 1280.0kcal | E44: 80.0g | F44: 1360.0mg | G44: 120.0g | H44: 16.0g | I44: Corn chips, plain (Fritos)
A45: Sour cream | B45: 1 small tub | C45: 1 tbsp | D45: 30.0kcal | E45: 3.0g | F45: 10.0mg | G45: 1.0g | H45: 0.5g | I45: Cream, sour, full fat
A46: Totals/Meal Total
A47: Recipe Reference:
A49: Pancakes - Nate
A50: Whole Wheat Flour | B50: 2 cups | C50: 1 cup | D50: 816.0kcal | E50: 6.0g | F50: 10.0mg | G50: 172.0g | H50: 32.0g | I50: Flour, whole wheat, unenriched
A51: White Sugar | B51: 2 tbsp | C51: 1 tbsp | D51: 96.0kcal | E51: 0.0g | F51: 0.0mg | G51: 24.0g | H51: 0.0g | I51: sugars, granulated
A52: Baking Powder | B52: 2 tsp | C52: 1 tsp | D52: 10.0kcal | E52: 0.0g | F52: 960.0mg | G52: 2.0g | H52: 0.0g | I52: Leavening agents, baking powder, low-sodium
A53: Baking Soda | B53: 1/2 tsp | C53: 1/2 tsp | D53: 0.0kcal | E53: 0.0g | F53: 300.0mg | G53: 0.0g | H53: 0.0g | I53: Leavening agents, baking soda
A54: Salt | B54: 1/2 tsp | C54: 1 tsp | D54: 0.0kcal | E54: 0.0g | F54: 1150.0mg | G54: 0.0g | H54: 0.0g | I54: Salt, table
A55: Buttermilk | B55: 2 1/4 cup | C55: 1 cup | D55: 200.0kcal | E55: 4.0g | F55: 920.0mg | G55: 24.0g | H55: 16.0g | I55: Milk, buttermilk, fluid, whole
A56: Eggs | B56: 2 | C56: 1 piece | D56: 144.0kcal | E56: 10.0g | F56: 142.0mg | G56: 0.8g | H56: 12.0g | I56: Eggs, Grade A, Large, egg whole
A57: Vegetable Oil | B57: 4 tbsp | C57: 1 tbsp | D57: 480.0kcal | E57: 56.0g | F57: 0.0mg | G57: 0.0g | H57: 0.0g | I57: Oil, vegetable, soybean, refined
A58: Totals/Meal Total
A59: Recipe: https://www.allrecipes.com/recipe/232131/100-whole-wheat-pancakes/
A61: Chicken Caesar Salad - Nate
A62: Romaine Lettuce | B62: 3 cups | C62: 1 cup | D62: 24.0kcal | E62: 0.3g | F62: 12.0mg | G62: 4.5g | H62: 1.8g | I62: Lettuce, cos or romaine, raw
A63: Chicken Breast | B63: 1/2 lb | C63: 1 piece (196g) | D63: 296 kcal | E63: 6.21g | F63: 102mg | G63: 0g | H63: 59.8g | I63: Chicken, broiler or fryers, breast, skinless, boneless, meat only, cooked, grilled
A64: Shredded Parmesan Cheese | B64: 1/4 cup | C64: 1/4 cup | D64: 27.5kcal | E64: 1.9g | F64: 100.0mg | G64: 0.2g | H64: 2.5g | I64: Cheese, parmesan, shredded
A65: Croutons | B65: handful | C65: 1 cup | D65: 186.0kcal | E65: 7.0g | F65: 495.0mg | G65: 25.0g | H65: 4.0g | I65: Croutons, seasoned
A66: Caesar Salad Dressing | B66: 2 tbsp | C66: 2 tbsp | D66: 320.0kcal | E66: 34.0g | F66: 700.0mg | G66: 4.0g | H66: 2.0g | I66: Salad dressing, caesar, fat-free
A67: Totals/Meal Total
A68: Recipe: https://www.allrecipes.com/recipe/246106/classic-chicken-caesar-salad/
A70: Unstuffed Peppers - Fiona
A71: Bell Peppers | B71: 3 | C71: 1 medium | D71: 90.0kcal | E71: 0.9g | F71: 12.0mg | G71: 21.0g | H71: 3.0g
A72: White Onion | B72: 1 | C72: 1 medium | D72: 45.0kcal | E72: 0.1g | F72: 5.0mg | G72: 11.0g | H72: 1.2g
A73: 15 oz can crushed tomatoes | B73: 1 | C73: 1 can | D73: 140.0kcal | E73: 0.0g | F73: 1000.0mg | G73: 32.0g | H73: 7.0g
A74: Olive Oil | B74: 1 Tbsp | C74: 1tbsp | D74: 119.0kcal | E74: 14.0g | F74: 0.0mg | G74: 0.0g | H74: 0.0g
A75: Ground Beef | B75: 1 lb | C75: 1 lb | D75: 1152.0kcal | E75: 91.0g | F75: 300.0mg | G75: 0.0g | H75: 78.0g
A76: beef broth | B76: 2 cups | C76: 1 cup | D76: 30.0kcal | E76: 0.0g | F76: 1800.0mg | G76: 2.0g | H76: 4.0g
A77: Rice (white?) | B77: 1 cup | C77: 1 cup_dry | D77: 680.0kcal | E77: 1.0g | F77: 0.0mg | G77: 150.0g | H77: 13.0g
A78: Paprika | B78: 1 tsp | C78: 1 tsp | D78: 6.0kcal | E78: 0.3g | F78: 1.0mg | G78: 1.2g | H78: 0.3g
A79: Salt | B79: 1 tsp | C79: 1 tsp | D79: 0.0kcal | E79: 0.0g | F79: 2300.0mg | G79: 0.0g | H79: 0.0g
A80: garlic (minced) | B80: 1 Tbsp | C80: 1tbsp | D80: 15.0kcal | E80: 0.0g | F80: 1.0mg | G80: 3.0g | H80: 1.0g
A81: Oregano | B81: 1 tsp | C81: 1 tsp | D81: 3.0kcal | E81: 0.0g | F81: 0.0mg | G81: 1.0g | H81: 0.0g
A82: red pepper flakes | B82: 1 tsp | C82: 1 tsp | D82: 6.0kcal | E82: 0.3g | F82: 0.0mg | G82: 1.0g | H82: 0.3g
A83: Totals/Meal Total
A84: Recipe Reference:
A86: Meatloaf - Nick
A87: Ground Beef | B87: 1 lb | C87: 1 lb | D87: 1152.0kcal | E87: 91.0g | F87: 300.0mg | G87: 0.0g | H87: 78.0g
A88: White Onion | B88: 0.5 | C88: 1 medium | D88: 22.5kcal | E88: 0.1g | F88: 2.5mg | G88: 5.5g | H88: 0.6g
A89: Italian Bread Crumbs | B89: 1 cup | C89: 1 cup | D89: 440.0kcal | E89: 5.0g | F89: 1000.0mg | G89: 80.0g | H89: 15.0g
A90: Egg | B90: 1 | C90: 1 piece | D90: 72.0kcal | E90: 5.0g | F90: 71.0mg | G90: 0.4g | H90: 6.0g
A91: Milk (2%?) | B91: 1/4 cup | C91: 1 cup | D91: 30.5kcal | E91: 1.2g | F91: 28.8mg | G91: 3.0g | H91: 2.0g
A92: Salt | B92: 1 tsp | C92: 1 tsp | D92: 0.0kcal | E92: 0.0g | F92: 2300.0mg | G92: 0.0g | H92: 0.0g
A93: Olive Oil | B93: 1 Tbsp | C93: 1tbsp | D93: 119.0kcal | E93: 14.0g | F93: 0.0mg | G93: 0.0g | H93: 0.0g
A94: Totals/Meal Total
A95: Recipe Reference:
A97: Beef & Avocado Burrito - Nick
A98: Ground Beef | B98: 0.5 lb | C98: 1 lb | D98: 576.0kcal | E98: 45.5g | F98: 150.0mg | G98: 0.0g | H98: 39.0g
A99: White Rice | B99: 1 cup | C99: 1 cup_dry | D99: 680.0kcal | E99: 1.0g | F99: 0.0mg | G99: 150.0g | H99: 13.0g
A100: Avocado | B100: 2 | C100: 1 piece | D100: 480.0kcal | E100: 44.0g | F100: 22.0mg | G100: 26.0g | H100: 6.0g
A101: Shredded Mexican Style Cheese | B101: 1 cup | C101: 1 cup | D101: 455.0kcal | E101: 37.0g | F101: 700.0mg | G101: 2.0g | H101: 28.0g
A102: Egg | B102: 2 | C102: 1 piece | D102: 144.0kcal | E102: 10.0g | F102: 142.0mg | G102: 0.8g | H102: 12.0g
A103: Tortilla | B103: 4 | C103: 1 piece | D103: 600.0kcal | E103: 16.0g | F103: 1200.0mg | G103: 96.0g | H103: 16.0g
A104: Olive Oil | B104: 2 tbsp | C104: 1tbsp | D104: 238.0kcal | E104: 28.0g | F104: 0.0mg | G104: 0.0g | H104: 0.0g
A105: Totals/Meal Total
A106: Recipe Reference:
A108: Veggie Sandwhich
A109: Sourdough Bread | B109: 2 slices | C109: 1 slice | D109: 200.0kcal | E109: 2.0g | F109: 400.0mg | G109: 40.0g | H109: 8.0g
...

Sheet Master
A1: Ingredient | B1: Quantity | C1: Wegmans | D1: TJs | E1: McLanahas | F1: Weis | G1: Target D | H1: Giant | I1: Sams Club | J1: Target U | K1: Aldi | L1: Walmart
A3: Baked Feta Pasta - Taryn | Q3: 6
A4: Baby Spinach | B4: 1 bag | C4: ='Wegmans (F)'!E4 -> 3.29 | D4: ='Trader Joes (F)'!E4 -> 2.29 | E4: ='Mclanahans (N)'!E4 -> 2.99 | F4: ='Weis (N)'!E4 -> 1.52 | G4: ='Target D (T)'!E4 -> 2.19 | H4: ='Giant (T)'!E4 -> 3.49 | I4: ='Sams Club (N)'!E4 -> 2.38 | J4: ='Target Up (N)'!E4 -> 2.29 | K4: ='Aldi (L)'!E4 -> 2.85 | L4: ='Walmart (L)'!E4 -> 2.18
A5: Cherry Tomatoes | B5: 1 container | C5: ='Wegmans (F)'!E5 -> 6.49 | D5: ='Trader Joes (F)'!E5 -> 4.99 | E5: ='Mclanahans (N)'!E5 -> 2.89 | F5: ='Weis (N)'!E5 -> 2.49 | G5: ='Target D (T)'!E5 -> 2.59 | H5: ='Giant (T)'!E5 -> 4.99 | I5: ='Sams Club (N)'!E5 -> 2.7708333 | J5: ='Target Up (N)'!E5 -> 2.49 | K5: ='Aldi (L)'!E5 -> 2.19 | L5: ='Walmart (L)'!E5 -> 2.63
A6: Feta block | B6: 1 container | C6: ='Wegmans (F)'!E6 -> 4.99 | D6: ='Trader Joes (F)'!E6 -> 3.79 | E6: ='Mclanahans (N)'!E6 -> NA | F6: ='Weis (N)'!E6 -> 4.99 | G6: ='Target D (T)'!E6 -> 5.29 | H6: ='Giant (T)'!E6 -> 3.99 | I6: ='Sams Club (N)'!E6 -> 2.44 | J6: ='Target Up (N)'!E6 -> 5.29 | K6: ='Aldi (L)'!E6 -> 3.85 | L6: ='Walmart (L)'!E6 -> 5.46
A7: Olive oil | B7: 2 tbsp | C7: ='Wegmans (F)'!E7 -> 0.29 | D7: ='Trader Joes (F)'!E7 -> 0.3 | E7: ='Mclanahans (N)'!E7 -> 0.52 | F7: ='Weis (N)'!E7 -> 0.69 | G7: ='Target D (T)'!E7 -> 0.38727273 | H7: ='Giant (T)'!E7 -> 0.42363636 | I7: ='Sams Club (N)'!E7 -> 0.19201183 | J7: ='Target Up (N)'!E7 -> 0.37810651 | K7: ='Aldi (L)'!E7 -> 0.36764706 | L7: ='Walmart (L)'!E7 -> 0.34941176
A8: Salt/Pepper | B8: generous amount | C8: ='Wegmans (F)'!E8 -> 0.01 | D8: ='Trader Joes (F)'!E8 -> 0.01 | E8: ='Mclanahans (N)'!E8 -> 0.1 | F8: ='Weis (N)'!E8 -> 0.1 | G8: ='Target D (T)'!E8 -> 0.056056338 | H8: ='Giant (T)'!E8 -> 0.11211268 | I8: ='Sams Club (N)'!E8 -> 0.0775 | J8: ='Target Up (N)'!E8 -> 0.146 | K8: ='Aldi (L)'!E8 -> 0.145625 | L8: ='Walmart (L)'!E8 -> 0.01
A9: Minced garlic | B9: 2 tbsp | C9: ='Wegmans (F)'!E9 -> 0.44 | D9: ='Trader Joes (F)'!E9 -> 0 | E9: ='Mclanahans (N)'!E9 -> 0.49 | F9: ='Weis (N)'!E9 -> 0.32 | G9: ='Target D (T)'!E9 -> 0.66444444 | H9: ='Giant (T)'!E9 -> 0.6225 | I9: ='Sams Club (N)'!E9 -> 0.11833333 | J9: ='Target Up (N)'!E9 -> 0.47375 | K9: ='Aldi (L)'!E9 -> 0.35625 | L9: ='Walmart (L)'!E9 -> 0.51023192
A10: Pasta | B10: 8 oz | C10: ='Wegmans (F)'!E10 -> 0.5 | D10: ='Trader Joes (F)'!E10 -> 1 | E10: ='Mclanahans (N)'!E10 -> 1.28 | F10: ='Weis (N)'!E10 -> 0.83 | G10: ='Target D (T)'!E10 -> 0.495 | H10: ='Giant (T)'!E10 -> 0.5 | I10: ='Sams Club (N)'!E10 -> 0.71 | J10: ='Target Up (N)'!E10 -> 0.495 | K10: ='Aldi (L)'!E10 -> 1.045 | L10: ='Walmart (L)'!E10 -> 0.49
A11: Totals/Meal Total | C11: ='Wegmans (F)'!E11 -> 16.01 | D11: ='Trader Joes (F)'!E11 -> 12.38 | E11: ='Mclanahans (N)'!E11 -> 8.27 | F11: ='Weis (N)'!E11 -> 10.94 | G11: ='Target D (T)'!E11 -> 11.672774 | H11: ='Giant (T)'!E11 -> 14.128249 | I11: ='Sams Club (N)'!E11 -> 8.6886785 | J11: ='Target Up (N)'!E11 -> 11.562857 | K11: ='Aldi (L)'!E11 -> 10.804522 | L11: ='Walmart (L)'!E11 -> 11.629644
A12: Recipe Reference: https://thespicegirlkitchen.com/creamy-salmon-pasta/
A14: Overnight Oats - Taryn | Q14: 1
A15: Old fashioned oats | B15: 1/4 cup | C15: ='Wegmans (F)'!E15 -> 0.07 | D15: ='Trader Joes (F)'!E15 -> 0.33 | E15: ='Mclanahans (N)'!E15 -> NA | F15: ='Weis (N)'!E15 -> 0.12 | G15: ='Target D (T)'!E15 -> 0.22230769 | H15: ='Giant (T)'!E15 -> 0.0665 | I15: ='Sams Club (N)'!E15 -> 0.09975 | J15: ='Target Up (N)'!E15 -> 0.93142857 | K15: ='Aldi (L)'!E15 -> 0.21666667 | L15: ='Walmart (L)'!E15 -> 0.10230769
A16: Greek yogurt | B16: 1/4 cup | C16: ='Wegmans (F)'!E16 -> 0.09 | D16: ='Trader Joes (F)'!E16 -> 0.37 | E16: ='Mclanahans (N)'!E16 -> 0.56 | F16: ='Weis (N)'!E16 -> 0.37 | G16: ='Target D (T)'!E16 -> 0.226 | H16: ='Giant (T)'!E16 -> 0.25266667 | I16: ='Sams Club (N)'!E16 -> 0.20708333 | J16: ='Target Up (N)'!E16 -> 1.4975 | K16: ='Aldi (L)'!E16 -> 0.205625 | L16: ='Walmart (L)'!E16 -> 0.41
A17: Milk (2%?) | B17: 1/3 cup | C17: ='Wegmans (F)'!E17 -> 0.1 | D17: ='Trader Joes (F)'!E17 -> 0 | E17: ='Mclanahans (N)'!E17 -> 0.1 | F17: ='Weis (N)'!E17 -> 0.15 | G17: ='Target D (T)'!E17 -> 0.101875 | H17: ='Giant (T)'!E17 -> 0.135 | I17: ='Sams Club (N)'!E17 -> 0.1780791 | J17: ='Target Up (N)'!E17 -> 0.11208333 | K17: ='Aldi (L)'!E17 -> 0.11625 | L17: ='Walmart (L)'!E17 -> 0.19666667
A18: Chia Seeds | B18: 2 tsp | C18: ='Wegmans (F)'!E18 -> 0.1 | D18: ='Trader Joes (F)'!E18 -> 0 | E18: ='Mclanahans (N)'!E18 -> 0.18 | F18: ='Weis (N)'!E18 -> 0.14 | G18: ='Target D (T)'!E18 -> NA | H18: ='Giant (T)'!E18 -> 0.23955556 | I18: ='Sams Club (N)'!E18 -> N/A | J18: ='Target Up (N)'!E18 -> 0.33291667 | K18: ='Aldi (L)'!E18 -> 0.11361111 | L18: ='Walmart (L)'!E18 -> 0.17644444
A19: Blueberries | B19: 1/4 cup | C19: ='Wegmans (F)'!E19 -> 0.5 | D19: ='Trader Joes (F)'!E19 -> 0.07 | E19: ='Mclanahans (N)'!E19 -> 0.42 | F19: ='Weis (N)'!E19 -> 0.39 | G19: ='Target D (T)'!E19 -> 0.49875 | H19: ='Giant (T)'!E19 -> 0.62375 | I19: ='Sams Club (N)'!E19 -> 0.29041667 | J19: ='Target Up (N)'!E19 -> 0.29083333 | K19: ='Aldi (L)'!E19 -> 0.2575 | L19: ='Walmart (L)'!E19 -> 0.265
A20: Honey | B20: 2 tsp | C20: ='Wegmans (F)'!E20 -> 10 | D20: ='Trader Joes (F)'!E20 -> 0 | E20: ='Mclanahans (N)'!E20 -> 0.1 | F20: ='Weis (N)'!E20 -> 0.21 | G20: ='Target D (T)'!E20 -> 0.18708333 | H20: ='Giant (T)'!E20 -> 0.15375 | I20: ='Sams Club (N)'!E20 -> 0.055416667 | J20: ='Target Up (N)'!E20 -> 0.13305556 | K20: ='Aldi (L)'!E20 -> 0.1025 | L20: ='Walmart (L)'!E20 -> 0.15583333
A21: Totals/Meal Total | C21: ='Wegmans (F)'!E21 -> 10.86 | D21: ='Trader Joes (F)'!E21 -> 0.77 | E21: ='Mclanahans (N)'!E21 -> 1.36 | F21: ='Weis (N)'!E21 -> 1.38 | G21: ='Target D (T)'!E21 -> 1.236016 | H21: ='Giant (T)'!E21 -> 1.4712222 | I21: ='Sams Club (N)'!E21 -> 0.83074576 | J21: ='Target Up (N)'!E21 -> 3.2978175 | K21: ='Aldi (L)'!E21 -> 1.0121528 | L21: ='Walmart (L)'!E21 -> 1.3062521
A22: Recipe reference: https://www.allrecipes.com/recipe/244251/no-cook-overnight-oatmeal/
A24: Quesidilla - Liliana | Q24: 4
A25: Tortilla (Large?) | B25: 8 | C25: ='Wegmans (F)'!E25 -> 2.49 | D25: ='Trader Joes (F)'!E25 -> 1.99 | E25: ='Mclanahans (N)'!E25 -> 3.49 | F25: ='Weis (N)'!E25 -> 2.69 | G25: ='Target D (T)'!E25 -> 1.99 | H25: ='Giant (T)'!E25 -> 2.99 | I25: ='Sams Club (N)'!E25 -> 1.2233333 | J25: {='Target Up (N)'!E25:E31} -> 4.69 | K25: ='Aldi (L)'!E25 -> 2.35 | L25: ='Walmart (L)'!E25 -> 2.12
A26: Butter | B26: 1 tbs | C26: ='Wegmans (F)'!E26 -> 0.16 | D26: ='Trader Joes (F)'!E26 -> 0 | E26: ='Mclanahans (N)'!E26 -> 0.19 | F26: ='Weis (N)'!E26 -> 0.12 | G26: ='Target D (T)'!E26 -> 0.1153125 | H26: ='Giant (T)'!E26 -> 0.1028125 | I26: ='Sams Club (N)'!E26 -> 0.0659375 | J26: 0.1090625 | K26: ='Aldi (L)'!E26 -> 0.1028125 | L26: ='Walmart (L)'!E26 -> 0.160625
A27: Chicken breast | B27: 2 breasts | C27: ='Wegmans (F)'!E27 -> 6.43 | D27: ='Trader Joes (F)'!E27 -> 7.49 | E27: ='Mclanahans (N)'!E27 -> 4.43 | F27: ='Weis (N)'!E27 -> 3.99 | G27: ='Target D (T)'!E27 -> 2.495 | H27: ='Giant (T)'!E27 -> 2.495 | I27: ='Sams Club (N)'!E27 -> 4.14 | J27: 6.385 | K27: ='Aldi (L)'!E27 -> 5.79 | L27: ='Walmart (L)'!E27 -> 5.88
A28: Black beans | B28: 1 can | C28: ='Wegmans (F)'!E28 -> 0 | D28: ='Trader Joes (F)'!E28 -> 0.99 | E28: ='Mclanahans (N)'!E28 -> 1.65 | F28: ='Weis (N)'!E28 -> 0.79 | G28: ='Target D (T)'!E28 -> 0.99 | H28: ='Giant (T)'!E28 -> 0.89 | I28: ='Sams Club (N)'!E28 -> 0.99666667 | J28: 1.59 | K28: ='Aldi (L)'!E28 -> 0.95 | L28: ='Walmart (L)'!E28 -> 0.86
A29: Shredded cheddar cheese | B29: 1/4 cup | C29: ='Wegmans (F)'!E29 -> 0 | D29: ='Trader Joes (F)'!E29 -> 4.29 | E29: ='Mclanahans (N)'!E29 -> 0.67 | F29: ='Weis (N)'!E29 -> 0.6 | G29: ='Target D (T)'!E29 -> 0.24875 | H29: ='Giant (T)'!E29 -> 0.24875 | I29: ='Sams Club (N)'!E29 -> 2.735 | J29: 1.99 | K29: ='Aldi (L)'!E29 -> 2.65 | L29: ='Walmart (L)'!E29 -> 1.97
A30: Salt/Pepper | B30: 1 tsp | C30: ='Wegmans (F)'!E30 -> 0 | D30: ='Trader Joes (F)'!E30 -> 0.01 | E30: ='Mclanahans (N)'!E30 -> 0.1 | F30: ='Weis (N)'!E30 -> 0.1 | G30: ='Target D (T)'!E30 -> 0.22422535 | H30: ='Giant (T)'!E30 -> 0.056056338 | I30: ='Sams Club (N)'!E30 -> 0.0775 | J30: 0.146 | K30: ='Aldi (L)'!E30 -> 0.096910569 | L30: ='Walmart (L)'!E30 -> 0.01
A31: Olive oil (sub with vegetable) | B31: 1 Tbs | C31: ='Wegmans (F)'!E31 -> 0 | D31: ='Trader Joes (F)'!E31 -> 0.3 | E31: ='Mclanahans (N)'!E31 -> 0.52 | F31: ='Weis (N)'!E31 -> 0.35 | G31: ='Target D (T)'!E31 -> 0.19363636 | H31: ='Giant (T)'!E31 -> 0.21181818 | I31: ='Sams Club (N)'!E31 -> 0.096005917 | J31: 0.18905325 | K31: ='Aldi (L)'!E31 -> 0.18382353 | L31: ='Walmart (L)'!E31 -> 0.17470588
A32: Totals/Meal Total | C32: ='Wegmans (F)'!E32 -> 9.08 | D32: ='Trader Joes (F)'!E32 -> 15.07 | E32: ='Mclanahans (N)'!E32 -> 11.05 | F32: ='Weis (N)'!E32 -> 8.64 | G32: ='Target D (T)'!E32 -> 6.2569242 | H32: ='Giant (T)'!E32 -> 4.004437 | I32: ='Sams Club (N)'!E32 -> 9.3344434 | J32: ='Target Up (N)'!E32 -> 15.099116 | K32: ='Aldi (L)'!E32 -> 12.123547 | L32: ='Walmart (L)'!E32 -> 11.175331
A33: Recipe Reference:
A35: Taco Soup - Liliana | Q35: 6
A36: Ground Beef | B36: 1lb | C36: ='Wegmans (F)'!E36 -> 0 | D36: ='Trader Joes (F)'!E36 -> 6.49 | E36: ='Mclanahans (N)'!E36 -> 10.59 | F36: ='Weis (N)'!E36 -> 7.29 | G36: ='Target D (T)'!E36 -> 6.19 | H36: ='Giant (T)'!E36 -> 6.89 | I36: ='Sams Club (N)'!E36 -> 5.96 | J36: ='Target Up (N)'!E36 -> 7.99 | K36: ='Aldi (L)'!E36 -> 6.95 | L36: ='Walmart (L)'!E36 -> 6.26
A37: Onion (yellow?) | B37: 1 | C37: ='Wegmans (F)'!E37 -> 0 | D37: ='Trader Joes (F)'!E37 -> 1.19 | E37: ='Mclanahans (N)'!E37 -> 0.99 | F37: ='Weis (N)'!E37 -> 0.5 | G37: ='Target D (T)'!E37 -> 0.99 | H37: ='Giant (T)'!E37 -> 0.54 | I37: ='Sams Club (N)'!E37 -> N/A | J37: ='Target Up (N)'!E37 -> 0.89 | K37: ='Aldi (L)'!E37 -> 0.438 | L37: ='Walmart (L)'!E37 -> 0.78
A38: Diced tomatos | B38: 1 can | C38: ='Wegmans (F)'!E38 -> 0 | D38: ='Trader Joes (F)'!E38 -> 0 | E38: ='Mclanahans (N)'!E38 -> 1.95 | F38: ='Weis (N)'!E38 -> 0.99 | G38: ='Target D (T)'!E38 -> 0.99 | H38: ='Giant (T)'!E38 -> 1 | I38: ='Sams Club (N)'!E38 -> 1.235 | J38: ='Target Up (N)'!E38 -> 3.79 | K38: ='Aldi (L)'!E38 -> 0.99 | L38: ='Walmart (L)'!E38 -> 0.96
A39: Taco seasoning | B39: 1 packet | C39: ='Wegmans (F)'!E39 -> 0 | D39: ='Trader Joes (F)'!E39 -> 1.19 | E39: ='Mclanahans (N)'!E39 -> 1.39 | F39: ='Weis (N)'!E39 -> 0.59 | G39: ='Target D (T)'!E39 -> 0.99 | H39: ='Giant (T)'!E39 -> 0.79 | I39: ='Sams Club (N)'!E39 -> 0.698 | J39: ='Target Up (N)'!E39 -> 0.99 | K39: ='Aldi (L)'!E39 -> 0.55 | L39: ='Walmart (L)'!E39 -> 0.97
A40: Kidney beans | B40: 1 can | C40: ='Wegmans (F)'!E40 -> 0 | D40: ='Trader Joes (F)'!E40 -> 1.19 | E40: ='Mclanahans (N)'!E40 -> 1.55 | F40: ='Weis (N)'!E40 -> 0.79 | G40: ='Target D (T)'!E40 -> 1.19 | H40: ='Giant (T)'!E40 -> 0.89 | I40: ='Sams Club (N)'!E40 -> 0.99666667 | J40: ='Target Up (N)'!E40 -> 1.49 | K40: ='Aldi (L)'!E40 -> 0.95 | L40: ='Walmart (L)'!E40 -> 0.86
A41: Sweet corn | B41: 1 can | C41: ='Wegmans (F)'!E41 -> 0 | D41: ='Trader Joes (F)'!E41 -> 0.99 | E41: ='Mclanahans (N)'!E41 -> 1.79 | F41: ='Weis (N)'!E41 -> 0.89 | G41: ='Target D (T)'!E41 -> 0.59 | H41: ='Giant (T)'!E41 -> 0.75 | I41: ='Sams Club (N)'!E41 -> 1.0525 | J41: ='Target Up (N)'!E41 -> 0.99 | K41: ='Aldi (L)'!E41 -> 0.85 | L41: ='Walmart (L)'!E41 -> 0.76
A42: Salt/Pepper | B42: A pinch | C42: ='Wegmans (F)'!E42 -> 0 | D42: ='Trader Joes (F)'!E42 -> 0.01 | E42: ='Mclanahans (N)'!E42 -> 0.1 | F42: ='Weis (N)'!E42 -> 0.1 | G42: ='Target D (T)'!E42 -> 0.056056338 | H42: ='Giant (T)'!E42 -> 0.056056338 | I42: ='Sams Club (N)'!E42 -> 0.0775 | J42: ='Target Up (N)'!E42 -> 0.146 | K42: ='Aldi (L)'!E42 -> 0.096910569 | L42: ='Walmart (L)'!E42 -> 0.01
A43: Shredded cheddar cheese | B43: 1.5 cup bag | C43: ='Wegmans (F)'!E43 -> 0 | D43: ='Trader Joes (F)'!E43 -> 4.29 | E43: ='Mclanahans (N)'!E43 -> 4.04 | F43: ='Weis (N)'!E43 -> 2.84 | G43: ='Target D (T)'!E43 -> 1.3266667 | H43: ='Giant (T)'!E43 -> 1.4925 | I43: ='Sams Club (N)'!E43 -> 2.735 | J43: ='Target Up (N)'!E43 -> 2.985 | K43: ='Aldi (L)'!E43 -> 5.3 | L43: ='Walmart (L)'!E43 -> 1.97
A44: Fritos | B44: half bag | C44: ='Wegmans (F)'!E44 -> 0 | D44: ='Trader Joes (F)'!E44 -> 0 | E44: ='Mclanahans (N)'!E44 -> 1.99 | F44: ='Weis (N)'!E44 -> 2.49 | G44: ='Target D (T)'!E44 -> 2.345 | H44: ='Giant (T)'!E44 -> 2.745 | I44: ='Sams Club (N)'!E44 -> 2.24 | J44: ='Target Up (N)'!E44 -> 2.345 | K44: ='Aldi (L)'!E44 -> 0.14538462 | L44: ='Walmart (L)'!E44 -> 1.985
A45: Sour cream | B45: 1 small tub | C45: ='Wegmans (F)'!E45 -> 0 | D45: ='Trader Joes (F)'!E45 -> 1.25 | E45: ='Mclanahans (N)'!E45 -> 1.33 | F45: ='Weis (N)'!E45 -> 1.69 | G45: ='Target D (T)'!E45 -> 1.29 | H45: ='Giant (T)'!E45 -> 1.29 | I45: ='Sams Club (N)'!E45 -> 1.42 | J45: ='Target Up (N)'!E45 -> 0.995 | K45: ='Aldi (L)'!E45 -> 0.995 | L45: ='Walmart (L)'!E45 -> 1.24
A46: Totals/Meal Total | C46: ='Wegmans (F)'!E46 -> 0 | D46: ='Trader Joes (F)'!E46 -> 16.6 | E46: ='Mclanahans (N)'!E46 -> 25.72 | F46: ='Weis (N)'!E46 -> 18.17 | G46: ='Target D (T)'!E46 -> 15.957723 | H46: ='Giant (T)'!E46 -> 16.443556 | I46: ='Sams Club (N)'!E46 -> 16.414667 | J46: ='Target Up (N)'!E46 -> 22.611 | K46: ='Aldi (L)'!E46 -> 17.265295 | L46: ='Walmart (L)'!E46 -> 15.795
A47: Recipe Reference:
A49: Pancakes - Nate | Q49: 4
A50: Whole Wheat Flour | B50: 2 cups | C50: ='Wegmans (F)'!E50 -> 0 | D50: ='Trader Joes (F)'!E50 -> 2.2 | E50: ='Mclanahans (N)'!E50 -> 1.95 | F50: ='Weis (N)'!E50 -> 0.35 | G50: ='Target D (T)'!E50 -> 0.2656 | H50: ='Giant (T)'!E50 -> 0.38842105 | I50: ='Sams Club (N)'!E50 -> 0.32 | J50: ='Target Up (N)'!E50 -> 0.28457143 | K50: ='Aldi (L)'!E50 -> 0.23052632 | L50: ='Walmart (L)'!E50 -> 0.58736842
A51: White Sugar | B51: 2 tbsp | C51: ='Wegmans (F)'!E51 -> 0 | D51: ='Trader Joes (F)'!E51 -> 14 | E51: ='Mclanahans (N)'!E51 -> 0.17 | F51: ='Weis (N)'!E51 -> 0.05 | G51: ='Target D (T)'!E51 -> 0.042251656 | H51: ='Giant (T)'!E51 -> 0.046225166 | I51: ='Sams Club (N)'!E51 -> 0.0329 | J51: ='Target Up (N)'!E51 -> 0.041428571 | K51: ='Aldi (L)'!E51 -> 0.042818792 | L51: ='Walmart (L)'!E51 -> 0.090526316
A52: Baking Powder | B52: 2 tsp | C52: ='Wegmans (F)'!E52 -> 0 | D52: ='Trader Joes (F)'!E52 -> 0 | E52: ='Mclanahans (N)'!E52 -> 0.14 | F52: ='Weis (N)'!E52 -> 0.16 | G52: ='Target D (T)'!E52 -> 0.083133159 | H52: ='Giant (T)'!E52 -> 0.1126087 | I52: ='Sams Club (N)'!E52 -> 0.060118182 | J52: ='Target Up (N)'!E52 -> 0.11208333 | K52: ='Aldi (L)'!E52 -> 0.085416667 | L52: ='Walmart (L)'!E52 -> 0.0825
A53: Baking Soda | B53: 1/2 tsp | C53: ='Wegmans (F)'!E53 -> 0 | D53: ='Trader Joes (F)'!E53 -> 0 | E53: ='Mclanahans (N)'!E53 -> 0.01 | F53: ='Weis (N)'!E53 -> 0.01 | G53: ='Target D (T)'!E53 -> 0.0086413043 | H53: ='Giant (T)'!E53 -> 0.0055 | I53: ='Sams Club (N)'!E53 -> 0.032888889 | J53: ='Target Up (N)'!E53 -> 0.0083684211 | K53: ='Aldi (L)'!E53 -> 0.00515625 | L53: ='Walmart (L)'!E53 -> 0.01
A54: Salt | B54: 1/2 tsp | C54: ='Wegmans (F)'!E54 -> 0 | D54: ='Trader Joes (F)'!E54 -> 0.01 | E54: ='Mclanahans (N)'!E54 -> 0.15 | F54: ='Weis (N)'!E54 -> 0.1 | G54: ='Target D (T)'!E54 -> 0.028028169 | H54: ='Giant (T)'!E54 -> 0.028028169 | I54: ='Sams Club (N)'!E54 -> 0.0775 | J54: ='Target Up (N)'!E54 -> 0.146 | K54: ='Aldi (L)'!E54 -> 0.01 | L54: ='Walmart (L)'!E54 -> 0.01
A55: Buttermilk | B55: 2 1/4 cup | C55: ='Wegmans (F)'!E55 -> 0 | D55: ='Trader Joes (F)'!E55 -> 0 | E55: ='Mclanahans (N)'!E55 -> NA | F55: ='Weis (N)'!E55 -> 1.06 | G55: ='Target D (T)'!E55 -> 0.38203125 | H55: ='Giant (T)'!E55 -> 1.006875 | I55: ='Sams Club (N)'!E55 -> N/A | J55: ='Target Up (N)'!E55 -> 0.7565625 | K55: ='Aldi (L)'!E55 -> NA | L55: ='Walmart (L)'!E55 -> 1.20375
A56: Eggs | B56: 2 | C56: ='Wegmans (F)'!E56 -> 0 | D56: ='Trader Joes (F)'!E56 -> 1 | E56: ='Mclanahans (N)'!E56 -> 0.61 | F56: ='Weis (N)'!E56 -> 0.33 | G56: ='Target D (T)'!E56 -> 0.33166667 | H56: ='Giant (T)'!E56 -> 0.33166667 | I56: ='Sams Club (N)'!E56 -> 0.36833333 | J56: ='Target Up (N)'!E56 -> 0.49833333 | K56: ='Aldi (L)'!E56 -> 0.365 | L56: ='Walmart (L)'!E56 -> 0.37666667
A57: Vegetable Oil | B57: 4 tbsp | C57: ='Wegmans (F)'!E57 -> 0 | D57: ='Trader Joes (F)'!E57 -> 0 | E57: ='Mclanahans (N)'!E57 -> 0.37 | F57: ='Weis (N)'!E57 -> 0.25 | G57: ='Target D (T)'!E57 -> 0.16625 | H57: ='Giant (T)'!E57 -> 0.211875 | I57: ='Sams Club (N)'!E57 -> 0.13416667 | J57: ='Target Up (N)'!E57 -> 0.2325 | K57: ='Aldi (L)'!E57 -> 0.16041667 | L57: ='Walmart (L)'!E57 -> 0.37125
A58: Totals/Meal Total | C58: ='Wegmans (F)'!E58 -> 0 | D58: ='Trader Joes (F)'!E58 -> 17.21 | E58: ='Mclanahans (N)'!E58 -> 3.4 | F58: ='Weis (N)'!E58 -> 2.31 | G58: ='Target D (T)'!E58 -> 1.3076022 | H58: ='Giant (T)'!E58 -> 2.1311997 | I58: ='Sams Club (N)'!E58 -> 1.0259071 | J58: ='Target Up (N)'!E58 -> 2.0798476 | K58: ='Aldi (L)'!E58 -> 0.89933469 | L58: ='Walmart (L)'!E58 -> 2.7320614
A59: Recipe: https://www.allrecipes.com/recipe/232131/100-whole-wheat-pancakes/
A61: Chicken Caesar Salad - Nate | Q61: 2
A62: Romaine Lettuce | B62: 3 cups | C62: ='Wegmans (F)'!E62 -> 0 | D62: ='Trader Joes (F)'!E62 -> 2.99 | E62: ='Mclanahans (N)'!E62 -> 1.34 | F62: ='Weis (N)'!E62 -> 0.56 | G62: ='Target D (T)'!E62 -> 1.0257143 | H62: ='Giant (T)'!E62 -> 1.4957143 | I62: ='Sams Club (N)'!E62 -> 0.48428571 | J62: ='Target Up (N)'!E62 -> 1.794 | K62: ='Aldi (L)'!E62 -> 1.0966667 | L62: ='Walmart (L)'!E62 -> 1.9085714
A63: Chicken Breast | B63: 1/2 lb | C63: ='Wegmans (F)'!E63 -> 0 | D63: ='Trader Joes (F)'!E63 -> 3.75 | E63: ='Mclanahans (N)'!E63 -> 1.77 | F63: ='Weis (N)'!E63 -> 2.66 | G63: ='Target D (T)'!E63 -> 2.495 | H63: ='Giant (T)'!E63 -> 2.495 | I63: ='Sams Club (N)'!E63 -> 1.44 | J63: ='Target Up (N)'!E63 -> 3.1925 | K63: ='Aldi (L)'!E63 -> 2.895 | L63: ='Walmart (L)'!E63 -> 2.205
A64: Shredded Parmesan Cheese | B64: 1/4 cup | C64: ='Wegmans (F)'!E64 -> 0 | D64: ='Trader Joes (F)'!E64 -> 0.99 | E64: ='Mclanahans (N)'!E65 -> 0.25 | F64: ='Weis (N)'!E64 -> 0.45 | G64: ='Target D (T)'!E64 -> 0.33166667 | H64: ='Giant (T)'!E64 -> 0.33166667 | I64: ='Sams Club (N)'!E64 -> 0.895 | J64: ='Target Up (N)'!E64 -> 0.66333333 | K64: ='Aldi (L)'!E64 -> 1.545 | L64: ='Walmart (L)'!E64 -> 0.34666667
A65: Croutons | B65: handful | C65: ='Wegmans (F)'!E65 -> 0 | D65: ='Trader Joes (F)'!E65 -> 1.5 | E65: ='Mclanahans (N)'!#REF! -> #REF! | F65: ='Weis (N)'!E65 -> 0.15 | G65: ='Target D (T)'!E65 -> NA | H65: ='Giant (T)'!E65 -> 0.0795 | I65: ='Sams Club (N)'!E65 -> 0.10738462 | J65: ='Target Up (N)'!E65 -> 0.229 | K65: ='Aldi (L)'!E65 -> 0.149 | L65: ='Walmart (L)'!E65 -> 0.071
A66: Caesar Salad Dressing | B66: 2 tbsp | C66: ='Wegmans (F)'!E66 -> 0 | D66: ='Trader Joes (F)'!E66 -> 0.36 | E66: ='Mclanahans (N)'!E66 -> 0.34 | F66: ='Weis (N)'!E66 -> 0.13 | G66: ='Target D (T)'!E66 -> 0.211875 | H66: ='Giant (T)'!E66 -> 1.36875 | I66: ='Sams Club (N)'!E66 -> N/A | J66: ='Target Up (N)'!E66 -> 0.230625 | K66: ='Aldi (L)'!E66 -> 0.134375 | L66: ='Walmart (L)'!E66 -> 0.123125
A67: Totals/Meal Total | C67: ='Wegmans (F)'!E67 -> 0 | D67: ='Trader Joes (F)'!E67 -> 9.59 | E67: ='Mclanahans (N)'!E67 -> 4.39 | F67: ='Weis (N)'!E67 -> 3.95 | G67: ='Target D (T)'!E67 -> 4.064256 | H67: ='Giant (T)'!E67 -> 5.770631 | I67: ='Sams Club (N)'!E67 -> 2.9266703 | J67: ='Target Up (N)'!E67 -> 6.1094583 | K67: ='Aldi (L)'!E67 -> 5.8200417 | L67: ='Walmart (L)'!E67 -> 4.6543631
A68: Recipe: https://www.allrecipes.com/recipe/246106/classic-chicken-caesar-salad/
A70: Unstuffed Peppers - Fiona | Q70: 4
A71: Bell Peppers | B71: 3 | C71: ='Wegmans (F)'!E71 -> 0 | D71: ='Trader Joes (F)'!E71 -> 4.99 | E71: ='Mclanahans (N)'!E71 -> 4.42 | G71: ='Target D (T)'!E71 -> 2.69 | H71: ='Giant (T)'!E71 -> 4.99 | I71: ='Sams Club (N)'!E71 -> 3.335 | J71: ='Target Up (N)'!E71 -> 2.69 | K71: ='Aldi (L)'!E71 -> 1.99 | L71: ='Walmart (L)'!E71 -> 2.48
A72: White Onion | B72: 1 | C72: ='Wegmans (F)'!E72 -> 0 | D72: ='Trader Joes (F)'!E72 -> 1.19 | E72: ='Mclanahans (N)'!E72 -> 0.99 | F72: ='Weis (N)'!E72 -> 0.67 | G72: ='Target D (T)'!E72 -> 0.99 | H72: ='Giant (T)'!E72 -> 2.13 | I72: ='Sams Club (N)'!E72 -> 0.487 | J72: ='Target Up (N)'!E72 -> 0.89 | K72: ='Aldi (L)'!E72 -> 0.438 | L72: ='Walmart (L)'!E72 -> 1.27
A73: 15 oz can crushed tomatoes | B73: 1 | C73: ='Wegmans (F)'!E73 -> 0 | D73: ='Trader Joes (F)'!E73 -> 0 | E73: ='Mclanahans (N)'!E73 -> 1.95 | F73: ='Weis (N)'!E73 -> 0.84 | G73: ='Target D (T)'!E73 -> 1.89 | H73: ='Giant (T)'!E73 -> 0.90535714 | I73: ='Sams Club (N)'!E73 -> 0.75401786 | J73: ='Target Up (N)'!E73 -> 3.79 | K73: ='Aldi (L)'!E73 -> 0.88392857 | L73: ='Walmart (L)'!E73 -> 1.48
A74: Olive Oil | B74: 1 Tbsp | C74: ='Wegmans (F)'!E74 -> 0 | D74: ='Trader Joes (F)'!E74 -> 0.3 | E74: ='Mclanahans (N)'!E74 -> 0.26 | F74: ='Weis (N)'!E74 -> 0.35 | G74: ='Target D (T)'!E74 -> 0.19363636 | H74: ='Giant (T)'!E74 -> 0.21181818 | I74: ='Sams Club (N)'!E74 -> 0.096005917 | J74: ='Target Up (N)'!E74 -> 0.18905325 | K74: ='Aldi (L)'!E74 -> 0.18382353 | L74: ='Walmart (L)'!E74 -> 0.17470588
A75: Ground Beef | B75: 1 lb | C75: ='Wegmans (F)'!E75 -> 0 | D75: ='Trader Joes (F)'!E75 -> 6.49 | E75: ='Mclanahans (N)'!E75 -> 10.59 | F75: ='Weis (N)'!E75 -> 7.29 | G75: ='Target D (T)'!E75 -> 6.19 | H75: ='Giant (T)'!E75 -> 6.89 | I75: ='Sams Club (N)'!E75 -> 5.96 | J75: ='Target Up (N)'!E75 -> 7.99 | K75: ='Aldi (L)'!E75 -> 6.95 | L75: ='Walmart (L)'!E75 -> 6.26
A76: beef broth | B76: 2 cups | C76: ='Wegmans (F)'!E76 -> 0 | D76: ='Trader Joes (F)'!E76 -> 0 | E76: ='Mclanahans (N)'!E76 -> 1.24 | F76: ='Weis (N)'!E76 -> 1.25 | G76: ='Target D (T)'!E76 -> 0.795 | H76: ='Giant (T)'!E76 -> 0.845 | I76: ='Sams Club (N)'!E76 -> 0.99666667 | J76: ='Target Up (N)'!E76 -> 0.895 | K76: ='Aldi (L)'!E76 -> 0.775 | L76: ='Walmart (L)'!E76 -> 0.75
A77: Rice (white?) | B77: 1 cup | C77: ='Wegmans (F)'!E77 -> 0 | D77: ='Trader Joes (F)'!E77 -> 0.67 | E77: ='Mclanahans (N)'!E77 -> 1.15 | F77: ='Weis (N)'!E77 -> 0.66 | G77: ='Target D (T)'!E77 -> 0.378 | H77: ='Giant (T)'!E77 -> 0.396 | I77: ='Sams Club (N)'!E77 -> 0.18368 | J77: ='Target Up (N)'!E77 -> 0.4725 | K77: ='Aldi (L)'!E77 -> 0.32777778 | L77: ='Walmart (L)'!E77 -> 0.368
A78: Paprika | B78: 1 tsp | C78: ='Wegmans (F)'!E78 -> 0 | D78: ='Trader Joes (F)'!E78 -> 0 | E78: ='Mclanahans (N)'!E78 -> 0.05 | F78: ='Weis (N)'!E78 -> 0.05 | G78: ='Target D (T)'!E78 -> 0.016760563 | H78: ='Giant (T)'!E78 -> 0.036478873 | I78: ='Sams Club (N)'!E78 -> 0.093777778 | J78: ='Target Up (N)'!E78 -> 0.099166667 | K78: ='Aldi (L)'!E78 -> 0.083846154 | L78: ='Walmart (L)'!E78 -> 0.06
A79: Salt | B79: 1 tsp | C79: ='Wegmans (F)'!E79 -> 0 | D79: ='Trader Joes (F)'!E79 -> 0.01 | E79: ='Mclanahans (N)'!E79 -> 0.1 | F79: ='Weis (N)'!E79 -> 0.1 | G79: ='Target D (T)'!E79 -> 0.028028169 | H79: ='Giant (T)'!E79 -> 0.028028169 | I79: ='Sams Club (N)'!E79 -> 0.0775 | J79: ='Target Up (N)'!E79 -> 0.146 | K79: ='Aldi (L)'!E79 -> 0.01 | L79: ='Walmart (L)'!E79 -> 0.01
A80: garlic (minced) | B80: 1 Tbsp | C80: ='Wegmans (F)'!E80 -> 0 | D80: ='Trader Joes (F)'!E80 -> 0 | E80: ='Mclanahans (N)'!E80 -> 0.25 | F80: ='Weis (N)'!E80 -> 0.16 | G80: ='Target D (T)'!E80 -> 0.33222222 | H80: ='Giant (T)'!E80 -> 0.31125 | I80: ='Sams Club (N)'!E80 -> 0.11833333 | J80: ='Target Up (N)'!E80 -> 0.236875 | K80: ='Aldi (L)'!E80 -> 0.178125 | L80: ='Walmart (L)'!E80 -> 0.25511596
A81: Oregano | B81: 1 tsp | C81: ='Wegmans (F)'!E81 -> 0 | D81: ='Trader Joes (F)'!E81 -> 0 | E81: ='Mclanahans (N)'!E81 -> 0.11 | F81: ='Weis (N)'!E81 -> 0.07 | G81: ='Target D (T)'!E81 -> 0.05028169 | H81: ='Giant (T)'!E81 -> 0.044929577 | I81: ='Sams Club (N)'!E81 -> 0.086981818 | J81: ='Target Up (N)'!E81 -> 0.099166667 | K81: ='Aldi (L)'!E81 -> 0.218 | L81: ='Walmart (L)'!E81 -> 0.216
A82: red pepper flakes | B82: 1 tsp | C82: ='Wegmans (F)'!E82 -> 0 | D82: ='Trader Joes (F)'!E82 -> 0 | E82: ='Mclanahans (N)'!E82 -> 0.23 | F82: ='Weis (N)'!E82 -> 0.07 | G82: ='Target D (T)'!E82 -> 0.016760563 | H82: ='Giant (T)'!E82 -> 0.040704225 | I82: ='Sams Club (N)'!E82 -> 0.031007407 | J82: ='Target Up (N)'!E82 -> 0.099166667 | K82: ='Aldi (L)'!E82 -> 0.109 | L82: ='Walmart (L)'!E82 -> 0.06
A83: Totals/Meal Total | C83: ='Wegmans (F)'!E83 -> 0 | D83: ='Trader Joes (F)'!E83 -> 13.65 | E83: ='Mclanahans (N)'!E83 -> 21.34 | F83: ='Weis (N)'!E83 -> 13 | G83: ='Target D (T)'!E83 -> 13.57069 | H83: ='Giant (T)'!E83 -> 16.829566 | I83: ='Sams Club (N)'!E83 -> 12.219971 | J83: ='Target Up (N)'!E83 -> 17.596928 | K83: ='Aldi (L)'!E83 -> 12.147501 | L83: ='Walmart (L)'!E83 -> 13.383822
A84: Recipe Reference:
A86: Meatload - Nick | Q86: 4
A87: Ground Beef | B87: 1 lb | C87: ='Wegmans (F)'!E87 -> 0 | D87: ='Trader Joes (F)'!E87 -> 6.49 | E87: ='Mclanahans (N)'!E87 -> 10.59 | F87: ='Weis (N)'!E87 -> 7.29 | G87: ='Target D (T)'!E87 -> 6.19 | H87: ='Giant (T)'!E87 -> 6.89 | I87: ='Sams Club (N)'!E87 -> 5.96 | J87: ='Target Up (N)'!E87 -> 7.99 | K87: ='Aldi (L)'!E87 -> 6.95 | L87: ='Walmart (L)'!E87 -> 6.26
A88: White Onion | B88: 0.5 | C88: ='Wegmans (F)'!E88 -> 0 | D88: ='Trader Joes (F)'!E88 -> 0.75 | E88: ='Mclanahans (N)'!E88 -> 0.49 | F88: ='Weis (N)'!E88 -> 0.34 | G88: ='Target D (T)'!E88 -> 0.99 | H88: ='Giant (T)'!E88 -> 1.065 | I88: ='Sams Club (N)'!E88 -> 0.487 | J88: ='Target Up (N)'!E88 -> 0.445 | K88: ='Aldi (L)'!E88 -> 0.219 | L88: ='Walmart (L)'!E88 -> 0.635
A89: Italian Bread Crumbs | B89: 1 cup | C89: ='Wegmans (F)'!E89 -> 0 | D89: ='Trader Joes (F)'!E89 -> 2.39 | E89: ='Mclanahans (N)'!E89 -> NA | F89: ='Weis (N)'!E89 -> 0.53 | G89: ='Target D (T)'!E89 -> 0.30352941 | H89: ='Giant (T)'!E89 -> 0.4975 | I89: ='Sams Club (N)'!E89 -> 0.2376 | J89: ='Target Up (N)'!E89 -> 0.85846154 | K89: ='Aldi (L)'!E89 -> 0.038571429 | L89: ='Walmart (L)'!E89 -> 0.32533333
A90: Egg | B90: 1 | C90: ='Wegmans (F)'!E90 -> 0 | D90: ='Trader Joes (F)'!E90 -> 0.5 | E90: ='Mclanahans (N)'!E90 -> 0.3 | F90: ='Weis (N)'!E90 -> 0.17 | G90: ='Target D (T)'!E90 -> 0.16583333 | H90: ='Giant (T)'!E90 -> 0.16583333 | I90: ='Sams Club (N)'!E90 -> 0.18416667 | J90: ='Target Up (N)'!E90 -> 0.24916667 | K90: ='Aldi (L)'!E90 -> 0.1825 | L90: ='Walmart (L)'!E90 -> 0.18833333
A91: Milk (2%?) | B91: 1/4 cup | C91: ='Wegmans (F)'!E91 -> 0 | D91: ='Trader Joes (F)'!E91 -> 0 | E91: ='Mclanahans (N)'!E91 -> 0.08 | F91: ='Weis (N)'!E91 -> 0.11 | G91: ='Target D (T)'!E91 -> 0.07640625 | H91: ='Giant (T)'!E91 -> 0.10125 | I91: ='Sams Club (N)'!E91 -> 0.13355932 | J91: ='Target Up (N)'!E91 -> 0.0840625 | K91: ='Aldi (L)'!E91 -> 0.0871875 | L91: ='Walmart (L)'!E91 -> 0.1475
A92: Salt | B92: 1 tsp | C92: ='Wegmans (F)'!E92 -> 0 | D92: ='Trader Joes (F)'!E92 -> 0.01 | E92: ='Mclanahans (N)'!E92 -> 0.1 | F92: ='Weis (N)'!E92 -> 0.1 | G92: ='Target D (T)'!E92 -> 0.056056338 | H92: ='Giant (T)'!E92 -> 0.056056338 | I92: ='Sams Club (N)'!E92 -> 0.0775 | J92: ='Target Up (N)'!E92 -> 0.146 | K92: ='Aldi (L)'!E92 -> 0.096910569 | L92: ='Walmart (L)'!E92 -> 0.01
A93: Olive Oil | B93: 1 Tbsp | C93: ='Wegmans (F)'!E93 -> 0 | D93: ='Trader Joes (F)'!E93 -> 0.3 | E93: ='Mclanahans (N)'!E93 -> 0.26 | F93: ='Weis (N)'!E93 -> 0.35 | G93: ='Target D (T)'!E93 -> 0.19363636 | H93: ='Giant (T)'!E93 -> 0.21181818 | I93: ='Sams Club (N)'!E93 -> 0.096005917 | J93: ='Target Up (N)'!E93 -> 0.18905325 | K93: ='Aldi (L)'!E93 -> 0.18382353 | L93: ='Walmart (L)'!E93 -> 0.17470588
A94: Totals/Meal Total | C94: ='Wegmans (F)'!E94 -> 0 | D94: ='Trader Joes (F)'!E94 -> 10.44 | E94: ='Mclanahans (N)'!E94 -> 11.82 | F94: ='Weis (N)'!E94 -> 8.89 | G94: ='Target D (T)'!E94 -> 7.9754617 | H94: ='Giant (T)'!E94 -> 8.9874579 | I94: ='Sams Club (N)'!E94 -> 7.1758319 | J94: ='Target Up (N)'!E94 -> 9.961744 | K94: ='Aldi (L)'!E94 -> 7.757993 | L94: ='Walmart (L)'!E94 -> 7.7408725
A95: Recipe Reference:
A97: Beef & Avocado Burrito - Nick | Q97: 4
A98: Ground Beef | B98: 0.5 lb | C98: ='Wegmans (F)'!E98 -> 0 | D98: ='Trader Joes (F)'!E98 -> 3.25 | E98: ='Mclanahans (N)'!E98 -> 5.29 | F98: ='Weis (N)'!E98 -> 3.65 | G98: ='Target D (T)'!E98 -> 3.095 | H98: ='Giant (T)'!E98 -> 3.445 | I98: ='Sams Club (N)'!E98 -> 2.98 | J98: ='Target Up (N)'!E98 -> 3.995 | K98: ='Aldi (L)'!E98 -> 3.475 | L98: ='Walmart (L)'!E98 -> 3.13
A99: White Rice | B99: 1 cup | C99: ='Wegmans (F)'!E99 -> 0 | D99: ='Trader Joes (F)'!E99 -> 0.67 | E99: ='Mclanahans (N)'!E99 -> 1.15 | F99: ='Weis (N)'!E99 -> 0.66 | G99: ='Target D (T)'!E99 -> 0.378 | H99: ='Giant (T)'!E99 -> 0.396 | I99: ='Sams Club (N)'!E99 -> 0.18368 | J99: ='Target Up (N)'!E99 -> 0.4725 | K99: ='Aldi (L)'!E99 -> 0.32777778 | L99: ='Walmart (L)'!E99 -> 0.368
A100: Avocado | B100: 2 | C100: ='Wegmans (F)'!E100 -> 0 | D100: ='Trader Joes (F)'!E100 -> 1.99 | E100: ='Mclanahans (N)'!E100 -> 3.98 | F100: ='Weis (N)'!E100 -> 1.99 | G100: ='Target D (T)'!E100 -> 1.38 | H100: ='Giant (T)'!E100 -> 3 | I100: ='Sams Club (N)'!E100 -> 1.488 | J100: ='Target Up (N)'!E100 -> 1.18 | K100: ='Aldi (L)'!E100 -> 1.3 | L100: ='Walmart (L)'!E100 -> 1.1
A101: Shredded Mexican Style Cheese | B101: 1 cup | C101: ='Wegmans (F)'!E101 -> 0 | D101: ='Trader Joes (F)'!E101 -> 2.86 | E101: ='Mclanahans (N)'!E101 -> 2.68 | F101: ='Weis (N)'!E101 -> 1.2 | G101: ='Target D (T)'!E101 -> 1.1371429 | H101: ='Giant (T)'!E101 -> 0.4975 | I101: ='Sams Club (N)'!E101 -> 0.77 | J101: ='Target Up (N)'!E101 -> 0.995 | K101: ='Aldi (L)'!E101 -> 1.03 | L101: ='Walmart (L)'!E101 -> 0.985
A102: Egg | B102: 2 | C102: ='Wegmans (F)'!E102 -> 0 | D102: ='Trader Joes (F)'!E102 -> 1 | E102: ='Mclanahans (N)'!E102 -> 0.61 | F102: ='Weis (N)'!E102 -> 0.33 | G102: ='Target D (T)'!E102 -> 0.33166667 | H102: ='Giant (T)'!E102 -> 0.33166667 | I102: ='Sams Club (N)'!E102 -> 0.36833333 | J102: ='Target Up (N)'!E102 -> 0.49833333 | K102: ='Aldi (L)'!E102 -> 0.365 | L102: ='Walmart (L)'!E102 -> 0.37666667
A103: Tortilla | B103: 4 | C103: ='Wegmans (F)'!E103 -> 0 | D103: ='Trader Joes (F)'!E103 -> 0.99 | E103: ='Mclanahans (N)'!E103 -> 1.75 | F103: ='Weis (N)'!E103 -> 1.35 | G103: ='Target D (T)'!E103 -> 0.995 | H103: ='Giant (T)'!E103 -> 1.495 | I103: ='Sams Club (N)'!E103 -> 0.61166667 | J103: ='Target Up (N)'!E103 -> 2.345 | K103: ='Aldi (L)'!E103 -> 1.175 | L103: ='Walmart (L)'!E103 -> 1.06
A104: Olive Oil | B104: 2 tbsp | C104: ='Wegmans (F)'!E104 -> 0 | D104: ='Trader Joes (F)'!E104 -> 0.3 | F104: ='Weis (N)'!E104 -> 0.7 | G104: ='Target D (T)'!E104 -> 0.38727273 | H104: ='Giant (T)'!E104 -> 0.42363636 | I104: ='Sams Club (N)'!E104 -> 0.19201183 | J104: ='Target Up (N)'!E104 -> 0.37810651 | K104: ='Aldi (L)'!E104 -> 0.36764706 | L104: ='Walmart (L)'!E104 -> 0.34941176
A105: Totals/Meal Total | C105: ='Wegmans (F)'!E105 -> 0 | D105: ='Trader Joes (F)'!E105 -> 11.06 | E105: ='Mclanahans (N)'!E104 -> 0.52 | F105: ='Weis (N)'!E105 -> 9.88 | G105: ='Target D (T)'!E105 -> 7.7040823 | H105: ='Giant (T)'!E105 -> 9.588803 | I105: ='Sams Club (N)'!E105 -> 6.5936918 | J105: ='Target Up (N)'!E105 -> 9.8639398 | K105: ='Aldi (L)'!E105 -> 8.0404248 | L105: ='Walmart (L)'!E105 -> 7.3690784
A106: Recipe Reference:
A108: Veggie Sandwhich | Q108: 1
A109: Sourdough Bread | B109: 2 slices | C109: ='Wegmans (F)'!E109 -> 0 | D109: ='Trader Joes (F)'!E109 -> 0.58 | E109: ='Mclanahans (N)'!E109 -> 0.41 | F109: ='Weis (N)'!E109 -> 0.6 | G109: ='Target D (T)'!E109 -> 0.57 | H109: ='Giant (T)'!E109 -> 1.4257143 | I109: ='Sams Club (N)'!E109 -> 0.164 | J109: ='Target Up (N)'!E109 -> 0.419 | K109: ='Aldi (L)'!E109 -> 0.60833333 | L109: ='Walmart (L)'!E109 -> 0.35666667
A110: Cheese of Choice | B110: 1 slice | C110: ='Wegmans (F)'!E110 -> 0 | D110: ='Trader Joes (F)'!E110 -> 0 | E110: ='Mclanahans (N)'!E110 -> 0.37 | F110: ='Weis (N)'!E110 -> 0.21 | G110: ='Target D (T)'!E110 -> 0.14083333 | H110: ='Giant (T)'!E110 -> 0.398 | I110: ='Sams Club (N)'!E110 -> 0.18166667 | J110: ='Target Up (N)'!E110 -> 0.14083333 | K110: ='Aldi (L)'!E110 -> 0.15 | L110: ='Walmart (L)'!E110 -> 0.1175
...

Sheet Wegmans (F)
A1: Ingredient | B1: Quantity (Recipe) | C1: Price | D1: Quantity (Store) | E1: Per Recipe | F1: Link
A3: Baked Feta Pasta - Taryn | O3: 6
A4: Baby Spinach | B4: 1 bag | C4: 3.29 | D4: 5 oz | E4: 3.29 | F4: https://www.wegmans.com/shop/search?query=baby%20spinach
A5: Cherry Tomatoes | B5: 1 container | C5: 6.49 | D5: 12 oz | E5: 6.49 | F5: https://www.wegmans.com/shop/search?query=cherry%20tomatoes
A6: Feta Block | B6: 1 block | C6: 4.99 | D6: 8 oz | E6: 4.99 | F6: https://images.wegmans.com/is/image/wegmanscsprod/970171_PrimaryImage?v=ec6443badbcab4e697377e7c75fc0e151649d13a
A7: Olive oil | B7: 2 tbsp | C7: 9.79 | D7: 33.8 oz | E7: 0.29 | F7: https://www.wegmans.com/shop/search?query=olive%20oil
A8: Salt/Pepper | B8: generous amount | C8: 2.49 | D8: 5.25 oz | E8: 0.01 | F8: https://www.wegmans.com/shop/search?query=salt%20pepper
A9: Minced garlic | B9: 2 tbsp | C9: 3.49 | D9: 8 oz | E9: 0.44 | F9: https://www.wegmans.com/shop/search?query=minced%20garlic
A10: Pasta | B10: 8 oz | C10: 0.99 | D10: 16 0z | E10: 0.5 | F10: https://images.wegmans.com/is/image/wegmanscsprod/48986_PrimaryImage?v=13.1
A11: Totals | C11: =SUM(C4:C10) -> 31.53 | E11: =SUM(E4:E10) -> 16.01
A12: Recipe Reference: https://thespicegirlkitchen.com/creamy-salmon-pasta/
A14: Overnight Oats - Taryn | O14: 1
A15: Old fashioned oats | B15: 1/4 cup | C15: 4.19 | D15: 42 oz | E15: 0.07 | F15: https://www.wegmans.com/shop/search?query=old%20fashioned%20oats
A16: Greek yogurt | B16: 1/4 cup | C16: 3.99 | D16: 32 oz | E16: 0.09 | F16: https://www.wegmans.com/shop/search?query=greek%20yogurt
A17: Milk (2%?) | B17: 1/3 cup | C17: 2.51 | D17: 64 oz | E17: 0.1 | F17: https://www.wegmans.com/shop/search?query=milk
A18: Chia Seeds | B18: 2 tsp | C18: 9.99 | D18: 32 oz | E18: 0.1 | F18: https://www.wegmans.com/shop/search?query=chia%20seeds
A19: Strawberries | B19: 1/4 cup | C19: 3.99 | D19: 16 oz | E19: 0.5 | F19: https://www.wegmans.com/shop/search?query=strawberries
A20: Honey | B20: 2 tsp | C20: 4.79 | D20: 16 oz | E20: 10 | F20: https://www.wegmans.com/shop/search?query=honey
A21: Totals | C21: =SUM(C15:C20) -> 29.46 | E21: =SUM(E15:E20) -> 10.86
A22: Recipe reference: https://www.allrecipes.com/recipe/244251/no-cook-overnight-oatmeal/
A24: Quesidilla - Liliana | O24: 4
A25: Tortilla (Large?) | B25: 8 | C25: 2.49 | D25: 8 | E25: 2.49 | F25: https://www.wegmans.com/shop/search?query=tortilla
A26: Butter | B26: 1 tbs | C26: 4.99 | D26: 16 oz | E26: 0.16 | F26: https://www.wegmans.com/shop/search?query=butter
A27: Chicken breast | B27: 2 breasts | C27: 9.65 | D27: 1.5 lbs | E27: 6.43
A28: Black beans | B28: 1 can
A29: Shredded cheddar cheese | B29: 1 bag
A30: Salt/Pepper | B30: 1 tsp | F30: Repeat Item
A31: Olive oil (sub with vegetable) | B31: 1 Tbs | F31: Repeat Item
A32: Totals | C32: =SUM(C25:C31) -> 17.13 | E32: =SUM(E25:E31) -> 9.08
A33: Recipe Reference:
A35: Taco Soup - Liliana | O35: 6
A36: Ground Beef | B36: 1lb
A37: Onion (yellow?) | B37: 1
A38: Diced tomatos | B38: 1 can
A39: Taco seasoning | B39: 1 packet
A40: Kindey beans | B40: 1 can
A41: Sweet corn | B41: 1 can
A42: Salt/Pepper | B42: A pinch | F42: Repeat Item
A43: Shredded cheddar cheese | B43: 1.5 cup bag
A44: Fritos | B44: half bag
A45: Sour cream | B45: 1 small tub(8oz)
A46: Totals | C46: =SUM(C36:C45) -> 0 | E46: =SUM(E36:E45) -> 0
A47: Recipe Reference:
A49: Pancakes - Nate | O49: 4
A50: Whole Wheat Flour | B50: 2 cups
A51: White Sugar | B51: 2 tbsp
A52: Baking Powder | B52: 2 tsp
A53: Baking Soda | B53: 1/2 tsp
A54: Salt | B54: 1/2 tsp | F54: Repeat Item
A55: Buttermilk | B55: 2 1/4 cup
A56: Eggs | B56: 2
A57: Vegetable Oil | B57: 4 tbsp
A58: Totals | C58: =SUM(C50:C57) -> 0 | E58: =SUM(E50:E57) -> 0
A59: Recipe: https://www.allrecipes.com/recipe/232131/100-whole-wheat-pancakes/
A61: Chicken Caesar Salad - Nate | O61: 2
A62: Romaine Lettuce | B62: 3 cups
A63: Chicken Breast | B63: 1/2 lb | F63: Repeat Item
A64: Shredded Parmesan Cheese | B64: 1/4 cup
A65: Croutons | B65: handful
A66: Caesar Salad Dressing | B66: 2 tbsp
A67: Totals | C67: =SUM(C61:C66) -> 0 | E67: =SUM(E61:E66) -> 0
A68: Recipe: https://www.allrecipes.com/recipe/246106/classic-chicken-caesar-salad/
A70: Unstuffed Peppers - Fiona | O70: 4
A71: Bell Peppers | B71: 3
A72: White Onion | B72: 1
A73: 15 oz can crushed tomatoes | B73: 1
A74: Olive Oil | B74: 1 Tbsp | F74: Repeat Item
A75: Ground Beef | B75: 1 lb | F75: Repeat Item
A76: beef broth | B76: 2 cups
A77: Rice (white?) | B77: 1 cup
A78: Paprika | B78: 1 tsp
A79: Salt | B79: 1 tsp | F79: Repeat Item
A80: garlic (minced) | B80: 1 Tbsp | F80: Repeat Item
A81: Oregano | B81: 1 tsp
A82: red pepper flakes | B82: 1 tsp
A83: Totals | C83: =SUM(C71:C82) -> 0 | E83: =SUM(E71:E82) -> 0
A84: Recipe Reference:
A86: Meatload - Nick | O86: 4
A87: Ground Beef | B87: 1 lb | F87: Repeat Item
A88: White Onion | B88: 0.5 | F88: Repeat Item
A89: Italian Bread Crumbs | B89: 1 cup
A90: Egg | B90: 1 | F90: Repeat Item
A91: Milk(2%?) | B91: 1/4 cup | F91: Repeat Item
A92: Salt/Pepper | B92: 1 tsp | F92: Repeat Item
A93: Olive Oil | B93: 1 Tbsp | F93: Repeat Item
A94: Totals | C94: =SUM(C87:C93) -> 0 | E94: =SUM(E87:E93) -> 0
A95: Recipe Reference:
A97: Beef & Avocado Burrito - Nick | O97: 4
A98: Ground Beef | B98: 0.5 lb | F98: Repeat Item
A99: White Rice | B99: 1 cup | F99: Repeat Item
A100: Avocado | B100: 2
A101: Shredded Mexican Style Cheese | B101: 1 cup
A102: Egg | B102: 2 | F102: Repeat Item
A103: Tortilla | B103: 4 | F103: Repeat Item
A104: Olive Oil | B104: 2 tbsp | F104: Repeat Item
A105: Totals | C105: =SUM(C98:C104) -> 0 | E105: =SUM(E98:E104) -> 0
A106: Recipe Reference:
A108: Veggie Sandwhich | O108: 1
A109: Sourdough Bread | B109: 2 slices
A110: Cheese of Choice | B110: 1 slice
...

Sheet Trader Joes (F)
A1: Ingredient | B1: Quantity (Recipe) | C1: Price | D1: Quantity (Store) | E1: Per Recipe | F1: Link
A3: Baked Feta Pasta - Taryn | O3: 6
A4: Baby Spinach | B4: 1 bag | C4: 2.29 | D4: 6 oz | E4: 2.29 | F4: https://www.traderjoes.com/home/products/category/veggies-119
A5: Cherry Tomatoes | B5: 1 container | C5: 4.99 | D5: 12 oz | E5: 4.99 | F5: https://www.traderjoes.com/home/products/pdp/cherry-tomatoes-on-the-vine-070500
A6: Feta Block | B6: 1 block | C6: 3.79 | D6: 8 oz | E6: 3.79 | F6: https://www.traderjoes.com/home/products/pdp/feta-cheese-079858
A7: Olive oil | B7: 2 tbsp | C7: 9.99 | D7: 33.8 oz | E7: 0.3 | F7: https://www.traderjoes.com/home/products/pdp/imported-olive-oil-packed-in-italy-001437
A8: Salt/Pepper | B8: generous amount | C8: 1.69 | D8: 17.6 Oz | E8: 0.01 | F8: https://www.traderjoes.com/home/products/pdp/fine-grain-pink-salt-076300, https://www.traderjoes.com/home/products/pdp/organic-ground-black-pepper-068491
A9: Minced garlic | B9: 2 tbsp
A10: Pasta | B10: 8 oz | C10: 1.99 | D10: 16 oz | E10: 1 | F10: https://www.traderjoes.com/home/products/pdp/organic-fusilli-corti-bucati-pasta-072525
A11: Totals | C11: =SUM(C4:C10) -> 24.74 | E11: =SUM(E4:E10) -> 12.38
A12: Recipe Reference: https://thespicegirlkitchen.com/creamy-salmon-pasta/
A14: Overnight Oats - Taryn | O14: 1
A15: Old fashioned oats | B15: 1/4 cup | C15: 2.99 | D15: 18 oz | E15: 0.33 | F15: https://www.traderjoes.com/home/products/pdp/oven-toasted-old-fashioned-organic-oats-004856
A16: Greek yogurt | B16: 1/4 cup | C16: 2.99 | D16: 16 oz | E16: 0.37 | F16: https://www.traderjoes.com/home/products/pdp/greek-nonfat-yogurt-plain-086450
A17: Milk (2%?) | B17: 1/3 cup | C17: 5.99 | D17: 64 oz
A18: Chia Seeds | B18: 2 tsp
A19: Strawberries | B19: 1/4 cup | C19: 6.99 | D19: 32 oz | E19: 0.07 | F19: https://www.traderjoes.com/home/products/pdp/strawberries-2-lb-078515
A20: Honey | B20: 2 tsp
A21: Totals | C21: =SUM(C15:C20) -> 18.96 | E21: =SUM(E15:E20) -> 0.77
A22: Recipe reference: https://www.allrecipes.com/recipe/244251/no-cook-overnight-oatmeal/
A24: Quesidilla - Liliana | O24: 4
A25: Tortilla (Large?) | B25: 8 | C25: 2.99 | D25: 12 tortilla | E25: 1.99 | F25: https://www.traderjoes.com/home/products/pdp/sonora-style-flour-tortillas-077519
A26: Butter | B26: 1 tbs
A27: Chicken breast | B27: 2 breasts | C27: 7.49 | D27: 1lb | E27: 7.49 | F27: https://www.traderjoes.com/home/products/pdp/organic-free-range-boneless-skinless-chicken-breasts-063550
A28: Black beans | B28: 1 can | C28: 0.99 | D28: 5 oz | E28: 0.99 | F28: https://www.traderjoes.com/home/products/pdp/black-beans-009636
A29: Shredded cheddar cheese | B29: 1 bag | C29: 4.29 | D29: 12 oz | E29: 4.29 | F29: https://www.traderjoes.com/home/products/pdp/shredded-3-cheese-blend-016541
A30: Salt/Pepper | B30: 1 tsp | C30: 1.69 | D30: 17.6 Oz | E30: 0.01 | F30: https://www.traderjoes.com/home/products/pdp/fine-grain-pink-salt-076300, https://www.traderjoes.com/home/products/pdp/organic-ground-black-pepper-068491
A31: Olive oil (sub with vegetable) | B31: 1 Tbs | C31: 9.99 | D31: 33.8 oz | E31: 0.3 | F31: https://www.traderjoes.com/home/products/pdp/imported-olive-oil-packed-in-italy-001437
A32: Totals | C32: =SUM(C25:C31) -> 27.44 | E32: =SUM(E25:E31) -> 15.07
A33: Recipe Reference:
A35: Taco Soup - Liliana | O35: 6
A36: Ground Beef | B36: 1lb | C36: 6.49 | D36: 16 oz | E36: 6.49 | F36: https://www.traderjoes.com/home/products/pdp/ground-beef-80-lean-20-fat-091082
A37: Onion (yellow?) | B37: 1 | C37: 1.19 | D37: 1 onion | E37: 1.19 | F37: https://www.traderjoes.com/home/products/pdp/jumbo-yellow-onions-095520
A38: Diced tomatos | B38: 1 can
A39: Taco seasoning | B39: 1 packet | C39: 1.19 | D39: 1 packet | E39: 1.19 | F39: https://www.traderjoes.com/home/products/pdp/taco-seasoning-mix-093089
A40: Kindey beans | B40: 1 can | C40: 1.19 | D40: 15.5 oz | E40: 1.19 | F40: https://www.traderjoes.com/home/products/pdp/organic-kidney-beans-050264
A41: Sweet corn | B41: 1 can | C41: 0.99 | D41: 15 oz | E41: 0.99 | F41: https://www.traderjoes.com/home/products/pdp/whole-kernel-corn-001605
A42: Salt/Pepper | B42: A pinch | C42: 1.69 | D42: 17.6 Oz | E42: 0.01 | F42: https://www.traderjoes.com/home/products/pdp/fine-grain-pink-salt-076300, https://www.traderjoes.com/home/products/pdp/organic-ground-black-pepper-068491
A43: Shredded cheddar cheese | B43: 1.5 cup bag | C43: 4.29 | D43: 12 oz | E43: 4.29 | F43: https://www.traderjoes.com/home/products/pdp/shredded-3-cheese-blend-016541
A44: Fritos | B44: half bag
A45: Sour cream | B45: 1 small tub(8oz) | C45: 2.49 | D45: 16 oz | E45: 1.25 | F45: https://www.traderjoes.com/home/products/pdp/sour-cream-006223
A46: Totals | C46: =SUM(C36:C45) -> 19.52 | E46: =SUM(E36:E45) -> 16.6
A47: Recipe Reference:
A49: Pancakes - Nate | O49: 4
A50: Whole Wheat Flour | B50: 2 cups | C50: 5.49 | D50: 80 oz | E50: 2.2 | F50: https://www.traderjoes.com/home/products/pdp/organic-unbleached-all-purpose-flour-069793
A51: White Sugar | B51: 2 tbsp | C51: 4.49 | D51: 32 | E51: 14 | F51: https://www.traderjoes.com/home/products/pdp/organic-cane-sugar-027042
A52: Baking Powder | B52: 2 tsp
A53: Baking Soda | B53: 1/2 tsp
A54: Salt | B54: 1/2 tsp | C54: 1.69 | D54: 17.6 Oz | E54: 0.01 | F54: https://www.traderjoes.com/home/products/pdp/fine-grain-pink-salt-076300, https://www.traderjoes.com/home/products/pdp/organic-ground-black-pepper-068491
A55: Buttermilk | B55: 2 1/4 cup
A56: Eggs | B56: 2 | C56: 5.99 | D56: 12 | E56: 1 | F56: https://www.traderjoes.com/home/products/pdp/pasture-raised-large-brown-eggs-062124
A57: Vegetable Oil | B57: 4 tbsp
A58: Totals | C58: =SUM(C50:C57) -> 17.66 | E58: =SUM(E50:E57) -> 17.21
A59: Recipe: https://www.allrecipes.com/recipe/232131/100-whole-wheat-pancakes/
A61: Chicken Caesar Salad - Nate | O61: 2
A62: Romaine Lettuce | B62: 3 cups | C62: 2.99 | D62: 1 bag | E62: 2.99 | F62: https://www.traderjoes.com/home/products/pdp/romaine-hearts-037786
A63: Chicken Breast | B63: 1/2 lb | C63: 7.49 | D63: 1lb | E63: 3.75 | F63: https://www.traderjoes.com/home/products/pdp/organic-free-range-boneless-skinless-chicken-breasts-063550
A64: Shredded Parmesan Cheese | B64: 1/4 cup | C64: 3.99 | D64: 8 ox | E64: 0.99 | F64: https://www.traderjoes.com/home/products/pdp/shredded-parmesan-cheese-alternative-070636
A65: Croutons | B65: handful | C65: 3.99 | D65: 4.5 oz | E65: 1.5 | F65: https://www.traderjoes.com/home/products/pdp/rosemary-croissant-croutons-072051
A66: Caesar Salad Dressing | B66: 2 tbsp | C66: 3.99 | D66: 11 oz | E66: 0.36 | F66: https://www.traderjoes.com/home/products/pdp/vegan-caesar-dressing-068174
A67: Totals | C67: =SUM(C61:C66) -> 22.45 | E67: =SUM(E61:E66) -> 9.59
A68: Recipe: https://www.allrecipes.com/recipe/246106/classic-chicken-caesar-salad/
A70: Unstuffed Peppers - Fiona | O70: 4
A71: Bell Peppers | B71: 3 | C71: 4.99 | D71: 3 | E71: 4.99 | F71: https://www.traderjoes.com/home/products/pdp/organic-tri-color-bell-peppers-095882
A72: White Onion | B72: 1 | C72: 1.19 | D72: 1 onion | E72: 1.19 | F72: https://www.traderjoes.com/home/products/pdp/jumbo-yellow-onions-095520
A73: 15 oz can crushed tomatoes | B73: 1
A74: Olive Oil | B74: 1 Tbsp | C74: 9.99 | D74: 33.8 oz | E74: 0.3 | F74: https://www.traderjoes.com/home/products/pdp/imported-olive-oil-packed-in-italy-001437
A75: Ground Beef | B75: 1 lb | C75: 6.49 | D75: 16 oz | E75: 6.49 | F75: https://www.traderjoes.com/home/products/pdp/ground-beef-80-lean-20-fat-091082
A76: beef broth | B76: 2 cups
A77: Rice (white?) | B77: 1 cup | C77: 3.99 | D77: 48 oz | E77: 0.67 | F77: https://www.traderjoes.com/home/products/pdp/jasmine-rice-from-thailand-052252
A78: Paprika | B78: 1 tsp
A79: Salt | B79: 1 tsp | C79: 1.69 | D79: 17.6 Oz | E79: 0.01 | F79: https://www.traderjoes.com/home/products/pdp/fine-grain-pink-salt-076300, https://www.traderjoes.com/home/products/pdp/organic-ground-black-pepper-068491
A80: garlic (minced) | B80: 1 Tbsp | F80: Repeat Item
A81: Oregano | B81: 1 tsp
A82: red pepper flakes | B82: 1 tsp
A83: Totals | C83: =SUM(C71:C82) -> 28.34 | E83: =SUM(E71:E82) -> 13.65
A84: Recipe Reference:
A86: Meatload - Nick | O86: 4
A87: Ground Beef | B87: 1 lb | C87: 6.49 | D87: 16 oz | E87: 6.49 | F87: https://www.traderjoes.com/home/products/pdp/ground-beef-80-lean-20-fat-091082
A88: White Onion | B88: 0.5 | C88: 1.19 | D88: 1 onion | E88: 0.75 | F88: https://www.traderjoes.com/home/products/pdp/jumbo-yellow-onions-095520
A89: Italian Bread Crumbs | B89: 1 cup | C89: 2.99 | D89: 10 oz | E89: 2.39 | F89: https://www.traderjoes.com/home/products/pdp/organic-bread-crumbs-092978
A90: Egg | B90: 1 | C90: 5.99 | D90: 12 | E90: 0.5 | F90: https://www.traderjoes.com/home/products/pdp/pasture-raised-large-brown-eggs-062124
A91: Milk(2%?) | B91: 1/4 cup | F91: Repeat Item
A92: Salt/Pepper | B92: 1 tsp | C92: 1.69 | D92: 17.6 Oz | E92: 0.01 | F92: https://www.traderjoes.com/home/products/pdp/fine-grain-pink-salt-076300, https://www.traderjoes.com/home/products/pdp/organic-ground-black-pepper-068491
A93: Olive Oil | B93: 1 Tbsp | C93: 9.99 | D93: 33.8 oz | E93: 0.3 | F93: https://www.traderjoes.com/home/products/pdp/imported-olive-oil-packed-in-italy-001437
A94: Totals | C94: =SUM(C87:C93) -> 28.34 | E94: =SUM(E87:E93) -> 10.44
A95: Recipe Reference:
A97: Beef & Avocado Burrito - Nick | O97: 4
A98: Ground Beef | B98: 0.5 lb | C98: 6.49 | D98: 16 oz | E98: 3.25 | F98: https://www.traderjoes.com/home/products/pdp/ground-beef-80-lean-20-fat-091082
A99: White Rice | B99: 1 cup | C99: 3.99 | D99: 48 oz | E99: 0.67 | F99: https://www.traderjoes.com/home/products/pdp/jasmine-rice-from-thailand-052252
A100: Avocado | B100: 2 | C100: 3.99 | D100: 4 avocados | E100: 1.99 | F100: https://www.traderjoes.com/home/products/pdp/avocados-4-count-112550
A101: Shredded Mexican Style Cheese | B101: 1 cup | C101: 4.29 | D101: 12 oz | E101: 2.86 | F101: https://www.traderjoes.com/home/products/pdp/shredded-3-cheese-blend-016541
A102: Egg | B102: 2 | C102: 5.99 | D102: 12 | E102: 1 | F102: https://www.traderjoes.com/home/products/pdp/pasture-raised-large-brown-eggs-062124
A103: Tortilla | B103: 4 | C103: 2.99 | D103: 12 tortilla | E103: 0.99 | F103: https://www.traderjoes.com/home/products/pdp/sonora-style-flour-tortillas-077519
A104: Olive Oil | B104: 2 tbsp | C104: 9.99 | D104: 33.8 oz | E104: 0.3 | F104: https://www.traderjoes.com/home/products/pdp/imported-olive-oil-packed-in-italy-001437
A105: Totals | C105: =SUM(C98:C104) -> 37.73 | E105: =SUM(E98:E104) -> 11.06
A106: Recipe Reference:
A108: Veggie Sandwhich | O108: 1
A109: Sourdough Bread | B109: 2 slices | C109: 3.49 | D109: 12 slices | E109: 0.58 | F109: https://www.traderjoes.com/home/products/pdp/sourdough-bread-sliced-000152
A110: Cheese of Choice | B110: 1 slice | C110: 4.99 | F110: https://www.traderjoes.com/home/products/pdp/sliced-provolone-cheese-079681
...

Sheet Mclanahans (N)
A1: Ingredient | B1: Quantity (Recipe) | C1: Price | D1: Quantity (Store) | E1: Per Recipe | F1: Link
A3: Baked Feta Pasta - Taryn | O3: 6
A4: Baby Spinach | B4: 1 bag | C4: 2.99 | D4: 5oz bag | E4: 2.99 | F4: NA
A5: Cherry Tomatoes | B5: 1 container | C5: 2.89 | D5: 8oz container | E5: 2.89 | F5: NA
A6: Feta Block | B6: 1 block | C6: NA | D6: NA | E6: NA | F6: NA
A7: Olive oil | B7: 2 tbsp | C7: 8.85 | D7: 17 fl oz | E7: 0.52 | F7: NA
A8: Salt/Pepper | B8: generous amount | C8: 5.89 | D8: 3.4 oz shakers | E8: 0.1 | F8: NA
A9: Minced garlic | B9: 2 tbsp | C9: 2.89 | D9: 6oz jar | E9: 0.49 | F9: NA
A10: Pasta | B10: 8 oz | C10: 2.55 | D10: 16oz package | E10: 1.28 | F10: NA
A11: Totals | C11: =SUM(C4:C10) -> 26.06 | E11: =SUM(E4:E10) -> 8.27 | F11: NA
A12: Recipe Reference: https://thespicegirlkitchen.com/creamy-salmon-pasta/
A14: Overnight Oats - Taryn | O14: 1
A15: Old fashioned oats | B15: 1/4 cup | C15: NA | D15: NA | E15: NA
A16: Greek yogurt | B16: 1/4 cup | C16: 8.99 | D16: 32 oz container | E16: 0.56 | F16: NA
A17: Milk (2%?) | B17: 1/3 cup | C17: 4.79 | D17: 1 gallon | E17: 0.1 | F17: NA
A18: Chia Seeds | B18: 2 tsp | C18: 4.5 | D18: 8 oz bag | E18: 0.18 | F18: NA
A19: Strawberries | B19: 1/4 cup | C19: 4.5 | D19: 1 lb container | E19: 0.42 | F19: NA
A20: Honey | B20: 2 tsp | C20: 3.69 | D20: 12 oz container | E20: 0.1 | F20: NA
A21: Totals | C21: =SUM(C15:C20) -> 26.47 | E21: =SUM(E15:E20) -> 1.36
A22: Recipe reference: https://www.allrecipes.com/recipe/244251/no-cook-overnight-oatmeal/
A24: Quesidilla - Liliana | O24: 4
A25: Tortilla (Large?) | B25: 8 | C25: 3.49 | D25: 8 pack | E25: 3.49 | F25: NA
A26: Butter | B26: 1 tbs | C26: 5.75 | D26: 15 oz container | E26: 0.19 | F26: NA
A27: Chicken breast | B27: 2 breasts | C27: 12.39 | D27: 3.5 lbs | E27: 4.43 | F27: NA
A28: Black beans | B28: 1 can | C28: 1.65 | D28: 15 oz can | E28: 1.65 | F28: NA
A29: Shredded cheddar cheese | B29: 1/4 cup | C29: 5.39 | D29: 8 oz bag | E29: 0.67 | F29: NA
A30: Salt/Pepper | B30: 1 tsp | C30: 5.89 | D30: 3.4 oz shakers | E30: 0.1 | F30: Repeat Item
A31: Olive oil (sub with vegetable) | B31: 1 Tbs | C31: 8.85 | D31: 17 fl oz | E31: 0.52 | F31: Repeat Item
A32: Totals | C32: =SUM(C25:C31) -> 43.41 | E32: =SUM(E25:E31) -> 11.05
A33: Recipe Reference:
A35: Taco Soup - Liliana | O35: 6
A36: Ground Beef | B36: 1lb | C36: 10.59 | D36: 1 lb container | E36: 10.59 | F36: NA
A37: Onion (yellow?) | B37: 1 | C37: 0.99 | D37: 1 individual | E37: 0.99 | F37: NA
A38: Diced tomatos | B38: 1 can | C38: 1.95 | D38: 15 oz can | E38: 1.95 | F38: NA
A39: Taco seasoning | B39: 1 packet | C39: 1.39 | D39: 1 oz package | E39: 1.39 | F39: NA
A40: Kindey beans | B40: 1 can | C40: 1.55 | D40: 1 can | E40: 1.55 | F40: NA
A41: Sweet corn | B41: 1 can | C41: 1.79 | D41: 1 can | E41: 1.79 | F41: NA
A42: Salt/Pepper | B42: A pinch | C42: 5.89 | D42: 3.4 oz shakers | E42: 0.1 | F42: Repeat Item
A43: Shredded cheddar cheese | B43: 1.5 cup bag | C43: 5.39 | D43: 8 oz bag | E43: 4.04 | F43: NA
A44: Fritos | B44: half bag | C44: 3.99 | D44: 1 bag | E44: 1.99 | F44: NA
A45: Sour cream | B45: 1 small tub(8oz) | C45: 2.65 | D45: 1 lb container | E45: 1.33 | F45: NA
A46: Totals | C46: =SUM(C36:C45) -> 36.18 | E46: =SUM(E36:E45) -> 25.72
A47: Recipe Reference:
A49: Pancakes - Nate | O49: 4
A50: Whole Wheat Flour | B50: 2 cups | C50: 18.39 | D50: 5lb bag | E50: 1.95 | F50: NA
A51: White Sugar | B51: 2 tbsp | C51: 2.79 | D51: 16 oz container | E51: 0.17 | F51: NA
A52: Baking Powder | B52: 2 tsp | C52: 5.45 | D52: 14 oz bag | E52: 0.14 | F52: NA
A53: Baking Soda | B53: 1/2 tsp | C53: 1.35 | D53: 1 lb box | E53: 0.01 | F53: NA
A54: Salt | B54: 1/2 tsp | C54: 5.59 | D54: 3.4 oz shaker | E54: 0.15 | F54: Repeat Item
A55: Buttermilk | B55: 2 1/4 cup | C55: NA | D55: NA | E55: NA | F55: NA
A56: Eggs | B56: 2 | C56: 3.65 | D56: 12 ct container | E56: 0.61 | F56: NA
A57: Vegetable Oil | B57: 4 tbsp | C57: 5.99 | D57: 1 quart | E57: 0.37 | F57: NA
A58: Totals | C58: =SUM(C50:C57) -> 43.21 | E58: =SUM(E50:E57) -> 3.4
A59: Recipe: https://www.allrecipes.com/recipe/232131/100-whole-wheat-pancakes/
A61: Chicken Caesar Salad - Nate | O61: 2
A62: Romaine Lettuce | B62: 3 cups | C62: 2.69 | D62: 1 head | E62: 1.34 | F62: NA
A63: Chicken Breast | B63: 1/2 lb | C63: 12.39 | D63: 3.5 lb container | E63: 1.77 | F63: Repeat Item
A64: Shredded Parmesan Cheese | B64: 1/4 cup | C64: 5.49 | D64: 8 oz bag | E64: 0.69 | F64: NA
A65: Croutons | B65: handful | C65: 1.99 | D65: 5 oz bag | E65: 0.25 | F65: NA
A66: Caesar Salad Dressing | B66: 2 tbsp | C66: 5.49 | D66: 16 fl oz | E66: 0.34 | F66: NA
A67: Totals | C67: =SUM(C61:C66) -> 28.05 | E67: =SUM(E61:E66) -> 4.39
A68: Recipe: https://www.allrecipes.com/recipe/246106/classic-chicken-caesar-salad/
A70: Unstuffed Peppers - Fiona | O70: 4
A71: Bell Peppers | B71: 3 | C71: 5.89 | D71: 4 pack | E71: 4.42 | F71: NA
A72: White Onion | B72: 1 | C72: 0.99 | D72: 1 individual | E72: 0.99 | F72: NA
A73: 15 oz can crushed tomatoes | B73: 1 | C73: 1.95 | D73: 15 oz can | E73: 1.95 | F73: NA
A74: Olive Oil | B74: 1 Tbsp | C74: 8.85 | D74: 17 fl oz | E74: 0.26 | F74: Repeat Item
A75: Ground Beef | B75: 1 lb | C75: 10.59 | D75: 1 lb container | E75: 10.59 | F75: Repeat Item
A76: beef broth | B76: 2 cups | C76: 2.49 | D76: 32 fl oz carton | E76: 1.24 | F76: NA
A77: Rice (white?) | B77: 1 cup | C77: 4.59 | D77: 28oz container | E77: 1.15 | F77: NA
A78: Paprika | B78: 1 tsp | C78: 1.69 | D78: 2.5 oz shaker | E78: 0.05 | F78: NA
A79: Salt | B79: 1 tsp | C79: 5.59 | D79: 3.4 oz shakers | E79: 0.1 | F79: Repeat Item
A80: garlic (minced) | B80: 1 Tbsp | C80: 2.89 | D80: 6oz jar | E80: 0.25 | F80: Repeat Item
A81: Oregano | B81: 1 tsp | C81: 1.69 | D81: 1.25 oz | E81: 0.11 | F81: NA
A82: red pepper flakes | B82: 1 tsp | C82: 4.99 | D82: 1.75 oz | E82: 0.23 | F82: NA
A83: Totals | C83: =SUM(C71:C82) -> 52.2 | E83: =SUM(E71:E82) -> 21.34
A84: Recipe Reference:
A86: Meatload - Nick | O86: 4
A87: Ground Beef | B87: 1 lb | C87: 10.59 | D87: 1 lb container | E87: 10.59 | F87: Repeat Item
A88: White Onion | B88: 0.5 | C88: 0.99 | D88: 1 individual | E88: 0.49 | F88: Repeat Item
A89: Italian Bread Crumbs | B89: 1 cup | C89: NA | D89: NA | E89: NA | F89: NA
A90: Egg | B90: 1 | C90: 3.65 | D90: 12 ct container | E90: 0.3 | F90: Repeat Item
A91: Milk(2%?) | B91: 1/4 cup | C91: 4.79 | D91: 1 gallon | E91: 0.08 | F91: Repeat Item
A92: Salt/Pepper | B92: 1 tsp | C92: 5.89 | D92: 3.4 oz shakers | E92: 0.1 | F92: Repeat Item
A93: Olive Oil | B93: 1 Tbsp | C93: 8.85 | D93: 17 fl oz | E93: 0.26 | F93: Repeat Item
A94: Totals | C94: =SUM(C87:C93) -> 34.76 | E94: =SUM(E87:E93) -> 11.82
A95: Recipe Reference:
A97: Beef & Avocado Burrito - Nick | O97: 4
A98: Ground Beef | B98: 0.5 lb | C98: 10.59 | D98: 1 lb container | E98: 5.29 | F98: Repeat Item
A99: White Rice | B99: 1 cup | C99: 4.59 | D99: 28oz container | E99: 1.15 | F99: Repeat Item
A100: Avocado | B100: 2 | C100: 1.99 | D100: 1 individual | E100: 3.98 | F100: NA
A101: Shredded Mexican Style Cheese | B101: 1 cup | C101: 5.49 | D101: 8 oz bag | E101: 2.68 | F101: NA
A102: Egg | B102: 2 | C102: 3.65 | D102: 12 ct container | E102: 0.61 | F102: Repeat Item
A103: Tortilla | B103: 4 | C103: 3.49 | D103: 8 pack | E103: 1.75 | F103: Repeat Item
A104: Olive Oil | B104: 2 tbsp | C104: 8.85 | D104: 17 fl oz | E104: 0.52 | F104: Repeat Item
A105: Totals | C105: =SUM(C98:C104) -> 38.65 | E105: =SUM(E98:E104) -> 15.98
A106: Recipe Reference:
A108: Veggie Sandwhich | O108: 1
A109: Sourdough Bread | B109: 2 slices | C109: 3.28 | D109: 16 oz loaf | E109: 0.41 | F109: NA
A110: Cheese of Choice | B110: 1 slice | C110: 5.99 | D110: 16 slice pack | E110: 0.37 | F110: NA
...

Sheet Weis (N)
A1: Ingredient | B1: Quantity (Recipe) | C1: Price | D1: Quantity (Store) | E1: Per Recipe | F1: Link
A3: Baked Feta Pasta - Taryn | O3: 6
A4: Baby Spinach | B4: 1 bag | C4: 3.79 | D4: 5 oz bag | E4: 1.52 | F4: Bag of Baby Spinach - Weis
A5: Cherry Tomatoes | B5: 1 container | C5: 4.99 | D5: 12 oz container | E5: 2.49 | F5: Cherry Tomatoes - Weis
A6: Feta Block | B6: 1 block | C6: 4.99 | D6: block | E6: 4.99 | F6: Feta Block - Weis
A7: Olive oil | B7: 2 tbsp | C7: 10.99 | D7: 16 fl oz bottle | E7: 0.69 | F7: Olive Oil Bottle - Weis
A8: Salt/Pepper | B8: generous amount | C8: 2.99 | D8: 5.25 oz shakers | E8: 0.1 | F8: Salt/Pepper Shakers - Weis
A9: Minced garlic | B9: 2 tbsp | C9: 2.99 | D9: 4.5 oz | E9: 0.32 | F9: Minced Garlic - Weis
A10: Pasta | B10: 8 oz | C10: 1.25 | D10: 12 oz container | E10: 0.83 | F10: Farfalle Pasta - Weis
A11: Totals | C11: =SUM(C4:C10) -> 31.99 | E11: =SUM(E4:E10) -> 10.94
A12: Recipe Reference: https://thespicegirlkitchen.com/creamy-salmon-pasta/
A14: Overnight Oats - Taryn | O14: 1
A15: Old fashioned oats | B15: 1/4 cup | C15: 2.59 | D15: 18 oz container | E15: 0.12 | F15: Old Fashioned Oats - Weis
A16: Greek yogurt | B16: 1/4 cup | C16: 5.99 | D16: 32 oz container | E16: 0.37 | F16: Vanilla Greek Yogurt - Weis
A17: Milk (2%?) | B17: 1/3 cup | C17: 1.79 | D17: 32 fl oz carton | E17: 0.15 | F17: 2% Milk Quart - Weis
A18: Chia Seeds | B18: 2 tsp | C18: 6.29 | D18: 14 oz package | E18: 0.14 | F18: Chia Seeds - Weis
A19: Strawberries | B19: 1/4 cup | C19: 4.99 | D19: 1 lb package | E19: 0.39 | F19: 1 lb Container of Strawberries - Weis
A20: Honey | B20: 2 tsp | C20: 5.99 | D20: 12 oz container | E20: 0.21 | F20: Bear Shaped Honey Container - Weis
A21: Totals | C21: =SUM(C15:C20) -> 27.64 | E21: =SUM(E15:E20) -> 1.38
A22: Recipe reference: https://www.allrecipes.com/recipe/244251/no-cook-overnight-oatmeal/
A24: Quesidilla - Liliana | O24: 4
A25: Tortilla (Large?) | B25: 8 | C25: 2.69 | D25: 8 count pack | E25: 2.69 | F25: Tortillas - Weis
A26: Butter | B26: 1 tbs | C26: 1.99 | D26: 8 ounce pack | E26: 0.12 | F26: Butter Sticks - Weis
A27: Chicken breast | B27: 2 breasts | C27: 7.99 | D27: 1.5 lb container | E27: 3.99 | F27: Chicken Breasts - Weis
A28: Black beans | B28: 1 can | C28: 0.79 | D28: 16 oz container | E28: 0.79 | F28: Black Beans - Weis
A29: Shredded cheddar cheese | B29: 1 bag | C29: 2.39 | D29: 8 oz bag | E29: 0.6 | F29: Shredded Cheese - Weis
A30: Salt/Pepper | B30: 1 tsp | C30: 2.99 | D30: 5.25 oz shakers | E30: 0.1 | F30: Repeat Item
A31: Olive oil (sub with vegetable) | B31: 1 Tbs | C31: 10.99 | D31: 16 fl oz bottle | E31: 0.35 | F31: Repeat Item
A32: Totals | C32: =SUM(C25:C31) -> 29.83 | E32: =SUM(E25:E31) -> 8.64
A33: Recipe Reference:
A35: Taco Soup - Liliana | O35: 6
A36: Ground Beef | B36: 1lb | C36: 7.29 | D36: 1 lb container | E36: 7.29 | F36: Ground Beef - Weis
A37: Onion (yellow?) | B37: 1 | C37: 2.99 | D37: 3lb bag | E37: 0.5 | F37: Yellow Onions - Weis
A38: Diced tomatos | B38: 1 can | C38: 0.99 | D38: 1 can | E38: 0.99 | F38: Tomatoes - Weis
A39: Taco seasoning | B39: 1 packet | C39: 0.59 | D39: 1 packet | E39: 0.59 | F39: Taco Seasoning - Weis
A40: Kindey beans | B40: 1 can | C40: 0.79 | D40: 1 can | E40: 0.79 | F40: Kidney Beans
A41: Sweet corn | B41: 1 can | C41: 0.89 | D41: 1 can | E41: 0.89 | F41: Sweet Corn - Weis
A42: Salt/Pepper | B42: A pinch | C42: 2.99 | D42: 5.25 oz shakers | E42: 0.1 | F42: Repeat Item
A43: Shredded cheddar cheese | B43: 1.5 cup bag | C43: 3.79 | D43: 2 cup bag | E43: 2.84 | F43: Shredded Cheese - Weis
A44: Fritos | B44: half bag | C44: 4.99 | D44: 1 bag | E44: 2.49 | F44: Fritos - Weis
A45: Sour cream | B45: 1 small tub(8oz) | C45: 1.69 | D45: 8 oz tub | E45: 1.69 | F45: Sour Cream - Weis
A46: Totals | C46: =SUM(C36:C45) -> 27 | E46: =SUM(E36:E45) -> 18.17
A47: Recipe Reference:
A49: Pancakes - Nate | O49: 4
A50: Whole Wheat Flour | B50: 2 cups | C50: 3.49 | D50: 5lb bag | E50: 0.35 | F50: Whole Wheat Flour - Weis
A51: White Sugar | B51: 2 tbsp | C51: 3.69 | D51: 4lb bag | E51: 0.05 | F51: White Sugar - Weis
A52: Baking Powder | B52: 2 tsp | C52: 2.19 | D52: 4oz container | E52: 0.16 | F52: Baking Powder - Weis
A53: Baking Soda | B53: 1/2 tsp | C53: 0.89 | D53: 16 oz container | E53: 0.01 | F53: Baking Soda - Weis
A54: Salt | B54: 1/2 tsp | C54: 2.99 | D54: 5.25oz shakers | E54: 0.1 | F54: Repeat Item
A55: Buttermilk | B55: 2 1/4 cup | C55: 1.89 | D55: 32 fl oz carton | E55: 1.06 | F55: Buttermilk - Weis
A56: Eggs | B56: 2 | C56: 2 | D56: 12 count carton | E56: 0.33 | F56: Eggs - Weis
A57: Vegetable Oil | B57: 4 tbsp | C57: 1.99 | D57: 16 fl oz bottle | E57: 0.25 | F57: Vegetable Oil - Weis
A58: Totals | C58: =SUM(C50:C57) -> 19.13 | E58: =SUM(E50:E57) -> 2.31
A59: Recipe: https://www.allrecipes.com/recipe/232131/100-whole-wheat-pancakes/
A61: Chicken Caesar Salad - Nate | O61: 2
A62: Romaine Lettuce | B62: 3 cups | C62: 1.99 | D62: 1 lb fresh | E62: 0.56 | F62: Romaine Lettuce - Weis
A63: Chicken Breast | B63: 1/2 lb | C63: 7.99 | D63: 1.5 lb container | E63: 2.66 | F63: Repeat Item
A64: Shredded Parmesan Cheese | B64: 1/4 cup | C64: 2.39 | D64: 6oz bag | E64: 0.45 | F64: Shredded Parm - Weis
A65: Croutons | B65: handful | C65: 1.59 | D65: 5oz bag | E65: 0.15 | F65: Croutons - Weis
A66: Caesar Salad Dressing | B66: 2 tbsp | C66: 2 | D66: 16 fl oz bottle | E66: 0.13 | F66: Caesar Dressing - Weis
A67: Totals | C67: =SUM(C61:C66) -> 15.96 | E67: =SUM(E61:E66) -> 3.95
A68: Recipe: https://www.allrecipes.com/recipe/246106/classic-chicken-caesar-salad/
A70: Unstuffed Peppers - Fiona | O70: 4
A71: Bell Peppers | B71: 3 | C71: 2.99 | D71: 12 oz bag | E71: 1.49 | F71: Bell Peppers - Weis
A72: White Onion | B72: 1 | C72: 1.99 | D72: 1 lb fresh | E72: 0.67 | F72: White Onions - Weis
A73: 15 oz can crushed tomatoes | B73: 1 | C73: 1.67 | D73: 28 oz can | E73: 0.84 | F73: Crushed Tomatoes - Weis
A74: Olive Oil | B74: 1 Tbsp | C74: 10.99 | D74: 16 fl oz bottle | E74: 0.35 | F74: Repeat Item
A75: Ground Beef | B75: 1 lb | C75: 7.29 | D75: 1 lb container | E75: 7.29 | F75: Repeat Item
A76: beef broth | B76: 2 cups | C76: 2.5 | D76: 32 fl oz carton | E76: 1.25 | F76: Beef Broth - Weis
A77: Rice (white?) | B77: 1 cup | C77: 9.39 | D77: 5 lb bag | E77: 0.66 | F77: White Rice - Weis
A78: Paprika | B78: 1 tsp | C78: 1.39 | D78: 2.5 oz bottle | E78: 0.05 | F78: Paprika - Weis
A79: Salt | B79: 1 tsp | C79: 2.99 | D79: 5.25oz shakers | E79: 0.1 | F79: Repeat Item
A80: garlic (minced) | B80: 1 Tbsp | C80: 2.99 | D80: 4.5 oz | E80: 0.16 | F80: Repeat Item
A81: Oregano | B81: 1 tsp | C81: 1.99 | D81: 1 oz bottle | E81: 0.07 | F81: Oregano - Weis
A82: red pepper flakes | B82: 1 tsp | C82: 1.79 | D82: 1.75 oz bottle | E82: 0.07 | F82: Crushed Red Pepper - Weis
A83: Totals | C83: =SUM(C71:C82) -> 47.97 | E83: =SUM(E71:E82) -> 13
A84: Recipe Reference:
A86: Meatload - Nick | O86: 4
A87: Ground Beef | B87: 1 lb | C87: 7.29 | D87: 1 lb container | E87: 7.29 | F87: Repeat Item
A88: White Onion | B88: 0.5 | C88: 1.99 | D88: 1 lb fresh | E88: 0.34 | F88: Repeat Item
A89: Italian Bread Crumbs | B89: 1 cup | C89: 1.59 | D89: 15 oz container | E89: 0.53 | F89: Italian Breadcrumbs - Weis
A90: Egg | B90: 1 | C90: 2 | D90: 12 count carton | E90: 0.17 | F90: Repeat Item
A91: Milk(2%?) | B91: 1/4 cup | C91: 1.79 | D91: 32 fl oz carton | E91: 0.11 | F91: Repeat Item
A92: Salt/Pepper | B92: 1 tsp | C92: 2.99 | D92: 5.25 oz shakers | E92: 0.1 | F92: Repeat Item
A93: Olive Oil | B93: 1 Tbsp | C93: 10.99 | D93: 16 fl oz bottle | E93: 0.35 | F93: Repeat Item
A94: Totals | C94: =SUM(C87:C93) -> 28.64 | E94: =SUM(E87:E93) -> 8.89
A95: Recipe Reference:
A97: Beef & Avocado Burrito - Nick | O97: 4
A98: Ground Beef | B98: 0.5 lb | C98: 7.29 | D98: 1 lb container | E98: 3.65 | F98: Repeat Item
A99: White Rice | B99: 1 cup | C99: 9.39 | D99: 5 lb bag | E99: 0.66 | F99: Repeat Item
A100: Avocado | B100: 2 | C100: 1.99 | D100: 1 fresh | E100: 1.99 | F100: Avacado - Weis
A101: Shredded Mexican Style Cheese | B101: 1 cup | C101: 2.39 | D101: 8 oz bag | E101: 1.2 | F101: Mexican Shredded Cheese - Weis
A102: Egg | B102: 2 | C102: 2 | D102: 12 count carton | E102: 0.33 | F102: Repeat Item
A103: Tortilla | B103: 4 | C103: 2.69 | D103: 8 count pack | E103: 1.35 | F103: Repeat Item
A104: Olive Oil | B104: 2 tbsp | C104: 10.99 | D104: 16 fl oz bottle | E104: 0.7 | F104: Repeat Item
A105: Totals | C105: =SUM(C98:C104) -> 36.74 | E105: =SUM(E98:E104) -> 9.88
A106: Recipe Reference:
A108: Veggie Sandwhich | O108: 1
A109: Sourdough Bread | B109: 2 slices | C109: 4.79 | D109: 1 loaf | E109: 0.6 | F109: Sourdough Bread - Weis
A110: Cheese of Choice | B110: 1 slice | C110: 4.99 | D110: 24 ct pack | E110: 0.21 | F110: American Cheese Slice - Weis
...

Sheet Target D (T)
A1: Ingredient | B1: Quantity (Recipe) | C1: Price | D1: Quantity (Store) | E1: Per Recipe | F1: Link
A3: Baked Feta Pasta - Taryn | O3: 6
A4: Baby Spinach | B4: 1 bag | C4: 2.19 | D4: 5 oz | E4: 2.19 | F4: https://www.target.com/p/baby-spinach-5oz-good-38-gather-8482/-/A-54555524#lnk=sametab
A5: Cherry Tomatoes | B5: 1 container | C5: 2.59 | D5: 10 oz | E5: 2.59 | F5: Fresh Premium Cherry Tomatoes - 10oz - Good & Gather™ (Packaging May Vary) : Target
A6: Feta Block | B6: 1 block | C6: 5.29 | D6: 8 oz | E6: 5.29 | F6: Feta Cheese Chunk - 8oz - Good & Gather™ : Target
A7: Olive oil | B7: 2 tbsp | C7: 6.39 | D7: 33 tbsp | E7: =6.39*(2/33) -> 0.38727273 | F7: Extra Virgin Olive Oil - 16.9oz - Good & Gather™ : Target
A8: Salt/Pepper | B8: generous amount | C8: 1.99 | D8: 71 of .25 tsp | E8: =1.99*(2/71) -> 0.056056338 | F8: Salt & Pepper Shakers - 5oz - Good & Gather™ : Target
A9: Minced garlic | B9: 2 tbsp | C9: 2.99 | D9: 9 tbsp | E9: =2.99*(2/9) -> 0.66444444 | F9: Spice World Organic Minced Garlic - 4.5oz : Target
A10: Pasta | B10: 8 oz | C10: 0.99 | D10: 16 oz | E10: =0.99/2 -> 0.495 | F10: Rotini - 16oz - Good & Gather™ : Target
A11: Totals | C11: =SUM(C4:C10) -> 22.43 | E11: =SUM(E4:E10) -> 11.672774
A12: Recipe Reference: https://thespicegirlkitchen.com/creamy-salmon-pasta/
A14: Overnight Oats - Taryn | O14: 1
A15: Old fashioned oats | B15: 1/4 cup | C15: 2.89 | D15: 13 of 1/2 cup | E15: =2.89*(1/13) -> 0.22230769 | F15: Old Fashioned Oats - 18oz - Good & Gather™ : Target
A16: Greek yogurt | B16: 1/4 cup | C16: 3.39 | D16: 15 of 1/5 cup | E16: =3.39*(1/15) -> 0.226 | F16: Greek Plain Nonfat Yogurt - 18g Protein 32oz - Good & Gather™ : Target
A17: Milk (2%?) | B17: 1/3 cup | C17: 4.89 | D17: 48 of 1/3 cup | E17: =4.89*(1/48) -> 0.101875 | F17: 2% Reduced Fat Milk - 1gal - Good & Gather™ : Target
A18: Chia Seeds | B18: 2 tsp | C18: NA | D18: NA | E18: NA | F18: None
A19: Strawberries | B19: 1/4 cup | C19: 3.99 | D19: 16 oz/2 cups | E19: =3.99*(1/8) -> 0.49875 | F19: Fresh Strawberries - 1lb : Target
A20: Honey | B20: 2 tsp | C20: 4.49 | D20: 48 tsp | E20: =4.49*(2/48) -> 0.18708333 | F20: Raw and Unfiltered North American Honey - 12oz - Good & Gather™ : Target
A21: Totals | C21: =SUM(C15:C20) -> 19.65 | E21: =SUM(E15:E20) -> 1.236016
A22: Recipe reference: https://www.allrecipes.com/recipe/244251/no-cook-overnight-oatmeal/
A24: Quesidilla - Liliana | O24: 4
A25: Tortilla (Large?) | B25: 8 | C25: 1.99 | D25: 8 | E25: 1.99 | F25: 8" Flour Tortillas - 10ct - Market Pantry™ : Target
A26: Butter | B26: 1 tbs | C26: 3.69 | D26: 32 tbsp | E26: =3.69*(1/32) -> 0.1153125 | F26: Unsalted Butter - 16oz/4ct - Good & Gather™ : Target
A27: Chicken breast | B27: 2 breasts | C27: 4.99 | D27: 1 lb | E27: =4.99/2 -> 2.495 | F27: Perdue Boneless & Skinless Antibiotic Free Chicken Breast - 1.3-2.4lbs - price per lb : Target
A28: Black beans | B28: 1 can | C28: 0.99 | D28: 1 can | E28: 0.99 | F28: Low Sodium Black Beans - 15.5oz - Good & Gather™ : Target
A29: Shredded cheddar cheese | B29: 1/4 cup | C29: 1.99 | D29: 8 o f1/4 cup | E29: =1.99*(1/8) -> 0.24875 | F29: Shredded Triple Cheddar Cheese - 8oz - Good & Gather™ : Target
A30: Salt/Pepper | B30: 1 tsp | C30: 1.99 | D30: 71 of .25 tsp | E30: =1.99*(8/71) -> 0.22422535 | F30: Repeat Item
A31: Olive oil (sub with vegetable) | B31: 1 Tbs | C31: 6.39 | D31: 33 tbsp | E31: =6.39*(1/33) -> 0.19363636 | F31: Repeat Item
A32: Totals | C32: =SUM(C26:C31) -> 20.04 | E32: =SUM(E25:E31) -> 6.2569242
A33: Recipe Reference:
A35: Taco Soup - Liliana | O35: 6
A36: Ground Beef | B36: 1lb | C36: 6.19 | D36: 1 lb | E36: 6.19 | F36: Fresh 73/27 Ground Beef - 1lb - Good & Gather™ : Target
A37: Onion (yellow?) | B37: 1 | C37: 0.99 | D37: 1 | E37: 0.99 | F37: Fresh Yellow Onion - each : Target
A38: Diced tomatos | B38: 1 can | C38: 0.99 | D38: 14.5 oz can | E38: 0.99 | F38: Diced Tomatoes - 14.5oz - Good & Gather™ : Target
A39: Taco seasoning | B39: 1 packet | C39: 0.99 | D39: 1 packet | E39: 0.99 | F39: Old El Paso Gluten Free Taco Seasoning Mix Original 1oz : Target
A40: Kindey beans | B40: 1 can | C40: 1.19 | D40: 15 oz can | E40: 1.19 | F40: Organic Low Sodium Dark Red Kidney Beans - 15oz - Good & Gather™ : Target
A41: Sweet corn | B41: 1 can | C41: 0.59 | D41: 15 oz can | E41: 0.59 | F41: Golden Sweet Whole Kernel Corn - 15.25oz - Good & Gather™ : Target
A42: Salt/Pepper | B42: A pinch | C42: 1.99 | D42: 71 of .25 tsp | E42: =1.99*(2/71) -> 0.056056338 | F42: Repeat Item
A43: Shredded cheddar cheese | B43: 1.5 cup | C43: 1.99 | D43: 8 o f1/4 cup | E43: =1.99*(2/3) -> 1.3266667 | F43: Repeat Item
A44: Fritos | B44: 1/2 bag | C44: 4.69 | D44: 9 oz bag | E44: =4.69*(1/2) -> 2.345 | F44: Fritos Original Corn Chips - 9.25oz : Target
A45: Sour cream | B45: 1 small tub(8oz) | C45: 1.29 | D45: 16 tbsp | E45: 1.29 | F45: Sour Cream - 8oz - Good & Gather™ : Target
A46: Totals | C46: =SUM(C36:C45) -> 20.9 | E46: =SUM(E36:E45) -> 15.957723
A47: Recipe Reference:
A49: Pancakes - Nate | O49: 4
A50: Whole Wheat Flour | B50: 2 cups | C50: 2.49 | D50: 75 of 1/4 cup | E50: =2.49*(8/75) -> 0.2656 | F50: Used reg flour | G50: All Purpose Flour - 5lbs - Market Pantry™ : Target
A51: White Sugar | B51: 2 tbsp | C51: 3.19 | D51: 151 tbsp | E51: =3.19*(2/151) -> 0.042251656 | F51: Granulated Sugar - 4lbs - Good & Gather™ : Target
A52: Baking Powder | B52: 2 tsp | C52: 1.99 | D52: 383 of 1/8 tsp | E52: =(16/383)*1.99 -> 0.083133159 | F52: Double Acting Baking Powder - 8.1oz - Good & Gather™ : Target
A53: Baking Soda | B53: 1/2 tsp | C53: 1.59 | D53: 92 tsp | E53: =1.59*(0.5/92) -> 0.0086413043 | F53: ARM & HAMMER Pure Baking Soda - 1lb : Target
A54: Salt | B54: 1/2 tsp | C54: 1.99 | D54: 71 of .25 tsp | E54: =1.99*(1/71) -> 0.028028169 | F54: Repeat Item
A55: Buttermilk | B55: 2 1/4 cup | C55: 4.89 | D55: 64 of 1/4 cup | E55: =4.89*(5/64) -> 0.38203125 | F55: Used 2%
A56: Eggs | B56: 2 | C56: 1.99 | D56: 12 | E56: =1.99*(2/12) -> 0.33166667 | F56: Grade A Large Eggs - 12ct - Good & Gather™ (Packaging May Vary) : Target
A57: Vegetable Oil | B57: 4 tbsp | C57: 3.99 | D57: 96 tbsp | E57: =3.99*(4/96) -> 0.16625 | F57: Double Acting Baking Powder - 8.1oz - Good & Gather™ : Target
A58: Totals | C58: =SUM(C50:C57) -> 22.12 | E58: =SUM(E50:E57) -> 1.3076022
A59: Recipe: https://www.allrecipes.com/recipe/232131/100-whole-wheat-pancakes/
A61: Chicken Caesar Salad - Nate | O61: 2
A62: Romaine Lettuce | B62: 3 cups | C62: 3.59 | D62: 7 servings | E62: =3.59*(2/7) -> 1.0257143 | F62: Fresh Romaine Hearts - 3ct/22oz - Good & Gather™ : Target
A63: Chicken Breast | B63: 1/2 lb | C63: 4.99 | D63: 1 lb | E63: =4.99/2 -> 2.495 | F63: Repeat Item
A64: Shredded Parmesan Cheese | B64: 1/4 cup | C64: 1.99 | D64: 6 of 1/4 cup | E64: =1.99*(1/6) -> 0.33166667 | F64: Finely Shredded Parmesan Cheese - 6oz - Good & Gather™ : Target
A65: Croutons | B65: handful | C65: NA | D65: NA | E65: NA | F65: None
A66: Caesar Salad Dressing | B66: 2 tbsp | C66: 3.39 | D66: 32 tbsp | E66: =3.39*(2/32) -> 0.211875 | F66: Ken's Steak House Creamy Caesar Salad Dressing - 16 fl oz : Target
A67: Totals | C67: =SUM(C61:C66) -> 13.96 | E67: =SUM(E61:E66) -> 4.064256
A68: Recipe: https://www.allrecipes.com/recipe/246106/classic-chicken-caesar-salad/
A70: Unstuffed Peppers - Fiona | O70: 4
A71: Bell Peppers | B71: 3 | C71: 2.69 | D71: 3 pack | E71: 2.69 | F71: Rainbow Bell Peppers 3ct - Good & Gather™ : Target
A72: White Onion | B72: 1 | C72: 0.99 | D72: 1 | E72: 0.99 | F72: Fresh White Onion - each : Target
A73: 15 oz can crushed tomatoes | B73: 1 | C73: 1.89 | D73: 28 oz can | E73: 1.89 | F73: Crushed Tomatoes 28oz - Good & Gather™ : Target
A74: Olive Oil | B74: 1 Tbsp | C74: 6.39 | D74: 33 tbsp | E74: =6.39*(1/33) -> 0.19363636 | F74: Repeat Item
A75: Ground Beef | B75: 1 lb | C75: 6.19 | D75: 1 lb | E75: 6.19 | F75: Repeat Item
A76: beef broth | B76: 2 cups | C76: 1.59 | D76: 4 cups | E76: =1.59/2 -> 0.795 | F76: Beef Broth - 32oz - Good & Gather™ : Target
A77: Rice (white?) | B77: 1 cup | C77: 1.89 | D77: 5 cups | E77: =1.89*(1/5) -> 0.378 | F77: Enriched Long Grain White Rice - 32oz - Good & Gather™ : Target
A78: Paprika | B78: 1 tsp | C78: 1.19 | D78: 2.12 oz | E78: =1.19*(1/71) -> 0.016760563 | F78: Ground Paprika - 2.12oz - Good & Gather™ : Target
A79: Salt | B79: 1 tsp | C79: 1.99 | D79: 71 of .25 tsp | E79: =1.99*(1/71) -> 0.028028169 | F79: Repeat Item
A80: garlic (minced) | B80: 1 Tbsp | C80: 2.99 | D80: 9 tbsp | E80: =2.99*(1/9) -> 0.33222222 | F80: Repeat Item
A81: Oregano | B81: 1 tsp | C81: 1.19 | D81: .75 oz | E81: =1.19*(3/71) -> 0.05028169 | F81: Oregano Leaves - 0.75oz - Good & Gather™ : Target
A82: red pepper flakes | B82: 1 tsp | C82: 1.19 | D82: 1.15 oz | E82: =1.19*(1/71) -> 0.016760563 | F82: Crushed Red Pepper - 1.5oz - Good & Gather™ : Target
A83: Totals | C83: =SUM(C71:C82) -> 30.18 | E83: =SUM(E71:E82) -> 13.57069
A84: Recipe Reference:
A86: Meatload - Nick | O86: 4
A87: Ground Beef | B87: 1 lb | C87: 6.19 | D87: 1 lb | E87: 6.19 | F87: Repeat Item
A88: White Onion | B88: 0.5 | C88: 0.99 | D88: 1 | E88: 0.99 | F88: Repeat Item
A89: Italian Bread Crumbs | B89: 1 cup | C89: 1.29 | D89: 4.25 cups | E89: =1.29*(1/4.25) -> 0.30352941 | F89: Italian-Style Bread Crumbs - 15oz - Market Pantry™ : Target
A90: Egg | B90: 1 | C90: 1.99 | D90: 12 | E90: =1.99*(1/12) -> 0.16583333 | F90: Repeat Item
A91: Milk(2%?) | B91: 1/4 cup | C91: 4.89 | D91: 64 of 1/4 cup | E91: =4.89*(1/64) -> 0.07640625 | F91: Repeat Item
A92: Salt/Pepper | B92: 1 tsp | C92: 1.99 | D92: 71 of .25 tsp | E92: =1.99*(2/71) -> 0.056056338 | F92: Repeat Item
A93: Olive Oil | B93: 1 Tbsp | C93: 6.39 | D93: 33 tbsp | E93: =6.39*(1/33) -> 0.19363636 | F93: Repeat Item
A94: Totals | C94: =SUM(C87:C93) -> 23.73 | E94: =SUM(E87:E93) -> 7.9754617
A95: Recipe Reference:
A97: Beef & Avocado Burrito - Nick | O97: 4
A98: Ground Beef | B98: 0.5 lb | C98: 6.19 | D98: 1 lb | E98: =6.19/2 -> 3.095 | F98: Repeat Item
A99: White Rice | B99: 1 cup | C99: 1.89 | D99: 5 cups | E99: =1.89*(1/5) -> 0.378 | F99: Repeat Item
A100: Avocado | B100: 2 | C100: 0.69 | D100: 1 | E100: =0.69*2 -> 1.38 | F100: Avocado - each : Target | H100: =1.89*(1/5) -> 0.378
A101: Shredded Mexican Style Cheese | B101: 1 cup | C101: 1.99 | D101: 7 of 1/4 cup | E101: =1.99*(4/7) -> 1.1371429 | F101: Shredded Reduced Fat Mexican-Style Cheese - 7oz - Good & Gather™ : Target
A102: Egg | B102: 2 | C102: 1.99 | D102: 12 | E102: =1.99*(2/12) -> 0.33166667 | F102: Repeat Item
A103: Tortilla | B103: 4 | C103: 1.99 | D103: 8 | E103: =1.99/2 -> 0.995 | F103: Repeat Item
A104: Olive Oil | B104: 2 tbsp | C104: 6.39 | D104: 33 tbsp | E104: =6.39*(2/33) -> 0.38727273 | F104: Repeat Item
A105: Totals | C105: =SUM(C98:C104) -> 21.13 | E105: =SUM(E98:E104) -> 7.7040823
A106: Recipe Reference:
A108: Veggie Sandwhich | O108: 1
A109: Sourdough Bread | B109: 2 slices | C109: 3.99 | D109: 14 slices | E109: =3.99*(2/14) -> 0.57 | F109: Pepperidge Farm Farmhouse Sourdough Bread - 24oz : Target
A110: Cheese of Choice | B110: 1 slice | C110: 1.69 | D110: 12 slices | E110: =1.69*(1/12) -> 0.14083333 | F110: Colby Jack Deli Sliced Cheese - 8oz/12 slices - Good & Gather™ : Target
...

Sheet Giant (T)
A1: Ingredient | B1: Quantity (Recipe) | C1: Price | D1: Quantity (Store) | E1: Per Recipe | F1: Link
A3: Baked Feta Pasta - Taryn | O3: 6
A4: Baby Spinach | B4: 1 bag | C4: 3.49 | D4: 6 oz bag | E4: 3.49 | F4: Our Brand Salad Basics Baby Spinach - 6 oz bag | GIANT
A5: Cherry Tomatoes | B5: 1 container | C5: 4.99 | D5: 10 oz package | E5: 4.99 | F5: NatureSweet Glorys Cherry Tomatoes - 10 oz pkg | GIANT
A6: Feta Block | B6: 1 block | C6: 3.99 | D6: block | E6: 3.99 | F6: Our Brand Feta Cheese Block - 6 oz pkg | GIANT
A7: Olive oil | B7: 2 tbsp | C7: 6.99 | D7: 33 tbsp | E7: =6.99*(2/33) -> 0.42363636 | F7: Our Brand Extra Virgin Olive Oil - 16.9 oz btl | GIANT
A8: Salt/Pepper | B8: generous amount | C8: 1.99 | D8: 71 of .25 tsp | E8: =1.99*(4/71) -> 0.11211268 | F8: Our Brand Salt & Pepper Pre-Filled Shakers - 1 set | GIANT
A9: Minced garlic | B9: 2 tbsp | C9: 2.49 | D9: 8 tbsp | E9: =2.49*(2/8) -> 0.6225 | F9: Nature's Promise Minced Garlic - 4.5 oz jar | GIANT
A10: Pasta | B10: 8 oz | C10: 1 | D10: 16 oz | E10: =1*(1/2) -> 0.5 | F10: Our Brand Linguine Pasta - 16 oz box | GIANT
A11: Totals | C11: =SUM(C4:C10) -> 24.94 | E11: =SUM(E4:E10) -> 14.128249
A12: Recipe Reference: https://thespicegirlkitchen.com/creamy-salmon-pasta/
A14: Overnight Oats - Taryn | O14: 1
A15: Old fashioned oats | B15: 1/4 cup | C15: 3.99 | D15: 60 of1/4 cups | E15: =3.99*(1/60) -> 0.0665 | F15: Our Brand Old Fashioned Rolled Oats - 42 oz can | GIANT
A16: Greek yogurt | B16: 1/4 cup | C16: 3.79 | D16: 15 of 1/4 cup | E16: =3.79*(1/15) -> 0.25266667 | F16: Our Brand Nonfat Plain Greek Yogurt - 32 oz tub | GIANT
A17: Milk (2%?) | B17: 1/3 cup | C17: 1.62 | D17: 12 of1/3 cup | E17: =1.62*(1/12) -> 0.135 | F17: Our Brand 2% Reduced Fat Milk - 1 quart | GIANT
A18: Chia Seeds | B18: 2 tsp | C18: 5.39 | D18: 45 tbsp | E18: =(2/45)*5.39 -> 0.23955556 | F18: Nature's Promise Organic Whole Black Chia Seeds - 16 oz pkg | GIANT
A19: Strawberries | B19: 1/4 cup | C19: 4.99 | D19: 16 oz/2 cups | E19: =4.99*(1/8) -> 0.62375 | F19: Strawberries - 16 oz pkg | GIANT
A20: Honey | B20: 2 tsp | C20: 3.69 | D20: 48 tsp | E20: =3.69*(2/48) -> 0.15375 | F20: Our Brand U.S. Grade A Wildflower Honey - 12 oz sqz | GIANT
A21: Totals | C21: =SUM(C15:C20) -> 23.47 | E21: =SUM(E15:E20) -> 1.4712222
A22: Recipe reference: https://www.allrecipes.com/recipe/244251/no-cook-overnight-oatmeal/
A24: Quesidilla - Liliana | O24: 4
A25: Tortilla (Large?) | B25: 8 | C25: 2.99 | D25: 8 ct | E25: 2.99 | F25: CHI-CHI'S Burrito Style Flour Tortillas 10 Inch - 8 ct - 17 oz pkg | GIANT
A26: Butter | B26: 1 tbs | C26: 3.29 | D26: 32 tbs | E26: =3.29*(1/32) -> 0.1028125 | F26: Our Brand Unsalted Sweet Cream Butter Sticks - 4 ct - 16 oz box | GIANT
A27: Chicken breast | B27: 2 breasts | C27: 4.99 | D27: 4 breasts | E27: =4.99*(2/4) -> 2.495 | F27: Our Brand 99% Fat Free Boneless Skinless Chicken Breast Cutlets - 4 ct - apx 1 lb | GIANT
A28: Black beans | B28: 1 can | C28: 0.89 | D28: 1 can | E28: 0.89 | F28: Our Brand Black Beans - 15.5 oz can | GIANT
A29: Shredded cheddar cheese | B29: 1/4 cup | C29: 1.99 | D29: 8 of 1/4 cup | E29: =1.99*(1/8) -> 0.24875 | F29: Our Brand Finely Shredded Sharp Cheddar Cheese - 8 oz bag | GIANT
A30: Salt/Pepper | B30: 1 tsp | C30: 1.99 | D30: 71 of .25 tsp | E30: =1.99*(2/71) -> 0.056056338 | F30: Repeat Item
A31: Olive oil (sub with vegetable) | B31: 1 Tbs | C31: 6.99 | D31: 33 tbsp | E31: =6.99*(1/33) -> 0.21181818 | F31: Repeat Item
A32: Totals | C32: =SUM(C26:C31) -> 20.14 | E32: =SUM(E26:E31) -> 4.004437
A33: Recipe Reference:
A35: Taco Soup - Liliana | O35: 6
A36: Ground Beef | B36: 1lb | C36: 6.89 | D36: 1 lb | E36: 6.89 | F36: Our Brand All Natural 80% Lean 20% Fat Ground Beef Fresh - apx 1.2 lb | GIANT
A37: Onion (yellow?) | B37: 1 | C37: 0.54 | D37: 1 | E37: 0.54 | F37: Yellow Onions - 1 ea | GIANT
A38: Diced tomatos | B38: 1 can | C38: 1 | D38: 14 oz can | E38: 1 | F38: Our Brand Diced Tomatoes - 14.5 oz can | GIANT
A39: Taco seasoning | B39: 1 packet | C39: 0.79 | D39: 1 pack | E39: 0.79 | F39: Our Brand Taco Seasoning Mix Packet - 1.25 oz pkt | GIANT
A40: Kindey beans | B40: 1 can | C40: 0.89 | D40: 15.5 oz can | E40: 0.89 | F40: Our Brand Light Red Kidney Beans - 15.5 oz can | GIANT
A41: Sweet corn | B41: 1 can | C41: 0.75 | D41: 15.2 oz can | E41: 0.75 | F41: Our Brand Whole Kernel Sweet Corn - 15.2 oz can | GIANT
A42: Salt/Pepper | B42: A pinch | C42: 1.99 | D42: 71 of .25 tsp | E42: =1.99*(2/71) -> 0.056056338 | F42: Repeat Item
A43: Shredded cheddar cheese | B43: 1.5 cup | C43: 1.99 | D43: 4 of 1/2 cup | E43: =1.99*(3/4) -> 1.4925 | F43: Our Brand Finely Shredded Sharp Cheddar Cheese - 8 oz bag | GIANT
A44: Fritos | B44: half bag | C44: 5.49 | D44: 288 chips | E44: =5.49*(1/2) -> 2.745 | F44: Fritos Corn Chips The Original - 9.25 oz bag | GIANT
A45: Sour cream | B45: 1 small tub(8oz) | C45: 1.29 | D45: 14 tbsp | E45: 1.29 | F45: Our Brand Sour Cream - 8 oz tub | GIANT
A46: Totals | C46: =SUM(C36:C45) -> 21.62 | E46: =SUM(E36:E45) -> 16.443556
A47: Recipe Reference:
A49: Pancakes - Nate | O49: 4
A50: Whole Wheat Flour | B50: 2 cups | C50: 3.69 | D50: 19 cups | E50: =3.69*(2/19) -> 0.38842105 | F50: Our Brand Whole Wheat Flour - 5 lb bag | GIANT
A51: White Sugar | B51: 2 tbsp | C51: 3.49 | D51: 151 tbsp | E51: =3.49*(2/151) -> 0.046225166 | F51: Our Brand Pure Cane Granulated Sugar - 4 lb bag | GIANT
A52: Baking Powder | B52: 2 tsp | C52: 2.59 | D52: 46 tsp | E52: =2.59*(2/46) -> 0.1126087 | F52: Our Brand Baking Powder Double Acting - 8.1 oz can | GIANT
A53: Baking Soda | B53: 1/2 tsp | C53: 0.99 | D53: 90 tsp | E53: =0.99*(0.5/90) -> 0.0055 | F53: Our Brand Pure Baking Soda - 16 oz box | GIANT
A54: Salt | B54: 1/2 tsp | C54: 1.99 | D54: 71 of .25 tsp | E54: =1.99*(1/71) -> 0.028028169 | F54: Repeat Item
A55: Buttermilk | B55: 2 1/4 cup | C55: 1.79 | D55: 4 cups/1 quart | E55: =1.79*(2.25/4) -> 1.006875 | F55: Our Brand 2% Reduced Fat Cultured Buttermilk - 1 quart | GIANT
A56: Eggs | B56: 2 | C56: 1.99 | D56: 12 eggs | E56: =1.99*(2/12) -> 0.33166667 | F56: Our Brand Large White Eggs - 1 doz | GIANT
A57: Vegetable Oil | B57: 4 tbsp | C57: 3.39 | D57: 64 tbsps | E57: =3.39*(4/64) -> 0.211875 | F57: Our Brand Vegetable Oil - 24 oz btl | GIANT
A58: Totals | C58: =SUM(C50:C57) -> 19.92 | E58: =SUM(E50:E57) -> 2.1311997
A59: Recipe: https://www.allrecipes.com/recipe/232131/100-whole-wheat-pancakes/
A60: Recipe Reference:
A61: Chicken Caesar Salad - Nate | O61: 2
A62: Romaine Lettuce | B62: 3 cups | C62: 3.49 | D62: 7 cups | E62: =3.49*(3/7) -> 1.4957143 | F62: Our Brand Salad Basics Chopped Romaine - 10 oz bag | GIANT
A63: Chicken Breast | B63: 1/2 lb | C63: 4.99 | D63: 1 lb/ 4 breasts | E63: =4.99*(2/4) -> 2.495 | F63: Repeat Item
A64: Shredded Parmesan Cheese | B64: 1/4 cup | C64: 1.99 | D64: 6 of 1/4 cup | E64: =1.99*(1/6) -> 0.33166667 | F64: Our Brand Finely Shredded Parmesan Cheese - 6 oz bag | GIANT
A65: Croutons | B65: handful | C65: 1.59 | D65: 40 tbsp | E65: =1.59*(2/40) -> 0.0795 | F65: Our Brand Caesar Croutons - 5 oz bag | GIANT
A66: Caesar Salad Dressing | B66: 2 tbsp | C66: 2.19 | D66: 32 tbsp | E66: =21.9*(2/32) -> 1.36875 | F66: Our Brand Caesar Dressing - 16 oz btl | GIANT
A67: Totals | C67: =SUM(C61:C66) -> 14.25 | E67: =SUM(E61:E66) -> 5.770631
A68: Recipe: https://www.allrecipes.com/recipe/246106/classic-chicken-caesar-salad/
A70: Unstuffed Peppers - Fiona | O70: 4
A71: Bell Peppers | B71: 3 | C71: 4.99 | D71: 3 pack | E71: 4.99 | F71: Our Brand Rainbow Bell Peppers - 3 ct pkg | GIANT
A72: White Onion | B72: 1 | C72: 2.13 | D72: 1 | E72: 2.13 | F72: White Onions - 1 ea | GIANT
A73: 15 oz can crushed tomatoes | B73: 1 | C73: 1.69 | D73: 28 oz can | E73: =1.69*(15/28) -> 0.90535714 | F73: Our Brand Crushed Tomatoes - 28 oz can | GIANT
A74: Olive Oil | B74: 1 Tbsp | C74: 6.99 | D74: 33 tbsp | E74: =6.99*(1/33) -> 0.21181818 | F74: Repeat Item
A75: Ground Beef | B75: 1 lb | C75: 6.89 | D75: 1 lb | E75: 6.89 | F75: Repeat Item
A76: beef broth | B76: 2 cups | C76: 1.69 | D76: 4 cups | E76: =1.69*(1/2) -> 0.845 | F76: Our Brand Reduced Sodium Beef Broth - 32 oz ctn | GIANT
A77: Rice (white?) | B77: 1 cup | C77: 0.99 | D77: 2.5 cups | E77: =0.99*(1/2.5) -> 0.396 | F77: Our Brand Long Grain White Rice - 16 oz bag | GIANT
A78: Paprika | B78: 1 tsp | C78: 2.59 | D78: 71 of .25 tsp | E78: =2.59*(1/71) -> 0.036478873 | F78: Our Brand Paprika - 2.12 oz btl | GIANT
A79: Salt | B79: 1 tsp | C79: 1.99 | D79: 71 of .25 tsp | E79: =1.99*(1/71) -> 0.028028169 | F79: Repeat Item
A80: garlic (minced) | B80: 1 Tbsp | C80: 2.49 | D80: 8 tbsp | E80: =2.49*(1/8) -> 0.31125 | F80: Repeat Item
A81: Oregano | B81: 1 tsp | C81: 3.19 | D81: 71 of .25 tsp | E81: =3.19*(1/71) -> 0.044929577 | F81: Our Brand Oregano Leaves - 0.75 oz btl | GIANT
A82: red pepper flakes | B82: 1 tsp | C82: 2.89 | D82: 71 of .25 tsp | E82: =2.89*(1/71) -> 0.040704225 | F82: Our Brand Crushed Red Pepper - 1.5 oz btl | GIANT
A83: Totals | C83: =SUM(C71:C82) -> 38.52 | E83: =SUM(E71:E82) -> 16.829566
A84: Recipe Reference:
A86: Meatload - Nick | O86: 4
A87: Ground Beef | B87: 1 lb | C87: 6.89 | D87: 1 lb | E87: 6.89 | F87: Repeat Item
A88: White Onion | B88: 0.5 | C88: 2.13 | D88: 1 | E88: =2.13/2 -> 1.065 | F88: Repeat Item
A89: Italian Bread Crumbs | B89: 1 cup | C89: 1.99 | D89: 4 cups | E89: =1.99*(1/4) -> 0.4975 | F89: Our Brand Italian Style Panko Bread Crumbs - 8 oz can | GIANT
A90: Egg | B90: 1 | C90: 1.99 | D90: 12 eggs | E90: =1.99*(1/12) -> 0.16583333 | F90: Repeat Item
A91: Milk(2%?) | B91: 1/4 cup | C91: 1.62 | D91: 4 cup/1 quart | E91: =1.62*(1/16) -> 0.10125 | F91: Repeat Item
A92: Salt/Pepper | B92: 1 tsp | C92: 1.99 | D92: 71 of .25 tsp | E92: =1.99*(2/71) -> 0.056056338 | F92: Repeat Item
A93: Olive Oil | B93: 1 Tbsp | C93: 6.99 | D93: 33 tbsp | E93: =6.99*(1/33) -> 0.21181818 | F93: Repeat Item
A94: Totals | C94: =SUM(C87:C93) -> 23.6 | E94: =SUM(E87:E93) -> 8.9874579
A95: Recipe Reference:
A97: Beef & Avocado Burrito - Nick | O97: 4
A98: Ground Beef | B98: 0.5 lb | C98: 6.89 | D98: 1 lb | E98: =6.89/2 -> 3.445 | F98: Repeat Item
A99: White Rice | B99: 1 cup | C99: 0.99 | D99: 2.5 cups | E99: =0.99*(1/2.5) -> 0.396 | F99: Repeat Item
A100: Avocado | B100: 2 | C100: 1.5 | D100: 1 | E100: 3 | F100: Ripe Hass Avocados - 1 ea | GIANT
A101: Shredded Mexican Style Cheese | B101: 1 cup | C101: 1.99 | D101: 4 cups | E101: =1.99*(1/4) -> 0.4975 | F101: Our Brand Finely Shredded Mexican Style 4 Cheese Blend - 8 oz bag | GIANT
A102: Egg | B102: 2 | C102: 1.99 | D102: 12 eggs | E102: =1.99*(2/12) -> 0.33166667 | F102: Repeat Item
A103: Tortilla | B103: 4 | C103: 2.99 | D103: 8 ct | E103: =2.99/2 -> 1.495 | F103: Repeat Item
A104: Olive Oil | B104: 2 tbsp | C104: 6.99 | D104: 33 tbsp | E104: =6.99*(2/33) -> 0.42363636 | F104: Repeat Item
A105: Totals | C105: =SUM(C98:C104) -> 23.34 | E105: =SUM(E98:E104) -> 9.588803
A106: Recipe Reference:
A108: Veggie Sandwhich | O108: 1
A109: Sourdough Bread | B109: 2 slices | C109: 4.99 | D109: 7 slices | E109: =4.99*(2/7) -> 1.4257143 | F109: Sara Lee Sourdough Sliced Bread Half Loaf - 12 oz bag | GIANT
...

Sheet Sams Club (N)
A1: Ingredient | B1: Quantity (Recipe) | C1: Price | D1: Quantity (Store) | E1: Per Recipe | F1: Link
A3: Baked Feta Pasta - Taryn | O3: 6
A4: Baby Spinach | B4: 1 bag | C4: 4.76 | D4: 16 oz. | E4: =(4.76) *(0.5) -> 2.38 | F4: baby spinach - Samsclub.com
A5: Cherry Tomatoes | B5: 1 container | C5: 6.65 | D5: 1.5lbs | E5: =6.65*(10/24) -> 2.7708333 | F5: Ombres Cherry Tomatoes On The Vine, 1.5 lbs. - Samsclub.com
A6: Feta Block | B6: 1 block | C6: 9.76 | D6: 32 oz. | E6: =9.76*(1/4) -> 2.44 | F6: President Feta Chunk Cheese, 32 oz. - Samsclub.com
A7: Olive oil | B7: 2 tbsp | C7: 12.98 | D7: 67.6 fl. oz. | E7: =12.98*(2/135.2) -> 0.19201183 | F7: Bertolli Extra Light Olive Oil, 67.6 fl. oz. - Samsclub.com
A8: Salt/Pepper | B8: generous amount | C8: 11.16 | D8: 96 oz. | E8: =11.16*(4/576) -> 0.0775 | F8: Morton Iodized Salt, 64 oz. - Samsclub.com
A9: Minced garlic | B9: 2 tbsp | C9: 5.68 | D9: 48 oz. | E9: =5.68*(2/96) -> 0.11833333 | F9: Member's Mark Minced Garlic, 48 oz. - Samsclub.com
A10: Pasta | B10: 8 oz | C10: 8.52 | D10: 6 lbs | E10: =8.52 *(8/96) -> 0.71 | F10: Barilla Pasta Rotini & Farfalle, Variety Pack, 1 lb., 6 pk. - Samsclub.com
A11: Totals | C11: =SUM(C4:C10) -> 59.51 | E11: =SUM(E4:E10) -> 8.6886785
A12: Recipe Reference: https://thespicegirlkitchen.com/creamy-salmon-pasta/
A14: Overnight Oats - Taryn | O14: 1
A15: Old fashioned oats | B15: 1/4 cup | C15: 7.98 | D15: 160 oz. | E15: =7.98*(0.25/20) -> 0.09975 | F15: Quaker Old Fashioned Oats, 160 oz. - Samsclub.com
A16: Greek yogurt | B16: 1/4 cup | C16: 4.97 | D16: 48 oz. | E16: =4.97*(0.25/6) -> 0.20708333 | F16: Member's Mark Nonfat Plain Greek Yogurt, 48 oz. - Samsclub.com
A17: Milk (2%?) | B17: 1/3 cup | C17: 3.94 | D17: 59 fl. oz. | E17: =3.94*((1/3)/7.375) -> 0.1780791 | F17: Members Mark 2% Ultra Filtered Milk, 59 fl. oz. - Samsclub.com
A18: Chia Seeds | B18: 2 tsp | C18: N/A | D18: N/A | E18: N/A | F18: N/A
A19: Strawberries | B19: 1/4 cup | C19: 6.97 | D19: 2 lbs. | E19: =6.97*(0.25/6) -> 0.29041667 | F19: Strawberries, 2 lbs. - Samsclub.com
A20: Honey | B20: 2 tsp | C20: 7.98 | D20: 48 oz. | E20: =7.98*(2/288) -> 0.055416667 | F20: Member’s Mark Wildflower Pure Premium Honey, 48 oz. - Samsclub.com
A21: Totals | C21: =SUM(C15:C20) -> 31.84 | E21: =SUM(E15:E20) -> 0.83074576
A22: Recipe reference: https://www.allrecipes.com/recipe/244251/no-cook-overnight-oatmeal/
A24: Quesidilla - Liliana | O24: 4
A25: Tortilla (Large?) | B25: 8 | C25: 3.67 | D25: 24 | E25: =3.67*(1/3) -> 1.2233333 | F25: https://www.samsclub.com/ip/La-Banderita-9-Homestyle-Soft-Taco-Flour-Tortillas-24-ct/13581873501?classType=REGULAR
A26: Butter | B26: 1 tbs | C26: 8.44 | D26: 128 tbsp | E26: =8.44*(1/128) -> 0.0659375 | F26: https://www.samsclub.com/ip/Member-s-Mark-Salted-Sweet-Cream-Butter-4-lbs/15365221245?classType=REGULAR&from=/search
A27: Chicken breast | B27: 2 breasts | C27: 16.56 | D27: 8 breasts | E27: =16.56*0.25 -> 4.14 | F27: https://www.samsclub.com/ip/Member-s-Mark-Boneless-and-Skinless-Chicken-Breast-priced-per-pound/18999111186?classType=REGULAR&from=/search
A28: Black beans | B28: 1 can | C28: 5.98 | D28: 6 cans | E28: =5.98/6 -> 0.99666667 | F28: https://www.samsclub.com/ip/Bush-s-Black-Beans-15-oz-6-pk/3940010881?classType=REGULAR
A29: Shredded cheddar cheese | B29: 1 bag | C29: 5.47 | D29: 2 lbs. | E29: =5.47/2 -> 2.735 | F29: https://www.samsclub.com/ip/Member-s-Mark-Mild-Cheddar-Shredded-Cheese-16-oz-2-pk/13771120208?classType=REGULAR&from=/search
A30: Salt/Pepper | B30: 1 tsp | C30: 11.16 | D30: 96 oz. | E30: =11.16*(4/576) -> 0.0775 | F30: Repeat Item
A31: Olive oil (sub with vegetable) | B31: 1 Tbs | C31: 12.98 | D31: 67.6 fl. oz. | E31: =12.98*(1/135.2) -> 0.096005917 | F31: Repeat Item
A32: Totals | C32: =SUM(C25:C31) -> 64.26 | E32: =SUM(E25:E31) -> 9.3344434
A33: Recipe Reference:
A35: Taco Soup - Liliana | O35: 6
A36: Ground Beef | B36: 1lb | C36: 19.07 | D36: 3 lbs | E36: 5.96 | F36: https://www.samsclub.com/ip/Member-s-Mark-93-7-Ground-Beef-priced-per-pound/13865573229?classType=REGULAR&from=/search
A37: Onion (yellow?) | B37: 1 | C37: N/A | D37: N/A | E37: N/A | F37: N/A
A38: Diced tomatos | B38: 1 can | C38: 9.88 | D38: 8 cans | E38: =9.88/8 -> 1.235 | F38: https://www.samsclub.com/ip/Hunt-s-Fire-Roasted-Diced-Tomatoes-14-5-oz-8-pk/16436162719?classType=REGULAR&from=/search
A39: Taco seasoning | B39: 1 packet | C39: 6.98 | D39: 10 packets | E39: =6.98/10 -> 0.698 | F39: https://www.samsclub.com/ip/Old-El-Paso-Original-Taco-Seasoning-1-oz-10-pk/13581873768?classType=REGULAR&from=/search
A40: Kindey beans | B40: 1 can | C40: 5.98 | D40: 6 cans | E40: =5.98/6 -> 0.99666667 | F40: https://www.samsclub.com/ip/Bush-s-Dark-Red-Kidney-Beans-16-oz-6-pk/3940010735?classType=REGULAR
A41: Sweet corn | B41: 1 can | C41: 8.42 | D41: 8 cans | E41: =8.42/8 -> 1.0525 | F41: https://www.samsclub.com/ip/Del-Monte-Golden-Sweet-Whole-Kernel-Corn-15-25-oz-8-pk/13596361849?classType=REGULAR
A42: Salt/Pepper | B42: A pinch | C42: 11.16 | D42: 96 oz. | E42: =11.16*(4/576) -> 0.0775 | F42: Repeat Item
A43: Shredded cheddar cheese | B43: 1.5 cup bag | C43: 5.47 | D43: 2 lbs. | E43: =5.47/2 -> 2.735 | F43: Repeat Item
A44: Fritos | B44: half bag | C44: 4.48 | D44: 18.125 oz. | E44: =4.48/2 -> 2.24 | F44: https://www.samsclub.com/ip/Fritos-The-Original-Corn-Chips-18-125-oz/13575872430?classType=REGULAR&from=/search
A45: Sour cream | B45: 1 small tub(8oz) | C45: 4.97 | D45: 28 oz. | E45: =4.97*(8/28) -> 1.42 | F45: https://www.samsclub.com/ip/Daisy-Brand-Pure-and-Natural-Sour-Cream-14-oz-2-pk/13735720576?classType=REGULAR&from=/search
A46: Totals | C46: =SUM(C36:C45) -> 76.41 | E46: =SUM(E36:E45) -> 16.414667
A47: Recipe Reference:
A49: Pancakes - Nate | O49: 4
A50: Whole Wheat Flour | B50: 2 cups | C50: 6.72 | D50: 12 lbs. | E50: =6.72*(2/42) -> 0.32 | F50: https://www.samsclub.com/ip/Gold-Medal-All-Purpose-Flour-12-lbs/1600050269?classType=REGULAR
A51: White Sugar | B51: 2 tbsp | C51: 6.58 | D51: 10lbs. | E51: =6.58*(2/400) -> 0.0329 | F51: https://www.samsclub.com/ip/Member-s-Mark-Granulated-Sugar-10-lbs/7874221690?classType=REGULAR&from=/search
A52: Baking Powder | B52: 2 tsp | C52: 7.78 | D52: 44 oz. | E52: =7.78*(0.34/44) -> 0.060118182 | F52: https://www.samsclub.com/ip/Clabber-Girl-Baking-Powder-22-oz-2-pk/13740309687?classType=REGULAR&from=/search
A53: Baking Soda | B53: 1/2 tsp | C53: 8.88 | D53: 13.5lbs | E53: =8.88*(0.5/135) -> 0.032888889 | F53: https://www.samsclub.com/ip/Arm-Hammer-Pure-Baking-Soda-13-5-lbs/13960262278?classType=REGULAR&from=/search
A54: Salt | B54: 1/2 tsp | C54: 11.16 | D54: 96 oz. | E54: =11.16*(4/576) -> 0.0775 | F54: Repeat Item
A55: Buttermilk | B55: 2 1/4 cup | C55: N/A | D55: N/A | E55: N/A | F55: N/A
A56: Eggs | B56: 2 | C56: 4.42 | D56: 24 | E56: =4.42/12 -> 0.36833333 | F56: https://www.samsclub.com/ip/Member-s-Mark-Cage-Free-Grade-A-Large-White-Eggs-2-dozen/13607813672?classType=REGULAR&from=/search
A57: Vegetable Oil | B57: 4 tbsp | C57: 12.88 | D57: 192 oz. | E57: =12.88*(4/384) -> 0.13416667 | F57: https://www.samsclub.com/ip/Member-s-Mark-Vegetable-Oil-192-oz/13588950739?classType=REGULAR&from=/search
A58: Totals | C58: =SUM(C50:C57) -> 58.42 | E58: =SUM(E50:E57) -> 1.0259071
A59: Recipe: https://www.allrecipes.com/recipe/232131/100-whole-wheat-pancakes/
A61: Chicken Caesar Salad - Nate | O61: 2
A62: Romaine Lettuce | B62: 3 cups | C62: 2.26 | D62: 14cups | E62: =2.26*(3/14) -> 0.48428571 | F62: https://www.samsclub.com/ip/Iceberg-Lettuce-2-heads/13725751832?classType=REGULAR
A63: Chicken Breast | B63: 1/2 lb | C63: 16.56 | D63: 2.88 / lb | E63: 1.44 | F63: Repeat Item
A64: Shredded Parmesan Cheese | B64: 1/4 cup | C64: 10.74 | D64: 24 oz. | E64: =10.74/12 -> 0.895 | F64: https://www.samsclub.com/ip/Member-s-Mark-Shredded-Parmesan-Cheese-24-oz/13865573600?classType=REGULAR&from=/search
A65: Croutons | B65: handful | C65: 6.98 | D65: 32 oz. | E65: =6.98/65 -> 0.10738462 | F65: https://www.samsclub.com/ip/Member-s-Mark-Seasoned-Croutons-32-oz/13893856645?classType=REGULAR&from=/search
A66: Caesar Salad Dressing | B66: 2 tbsp | C66: N/A | D66: N/A | E66: N/A | F66: N/A
A67: Totals | C67: =SUM(C61:C66) -> 36.54 | E67: =SUM(E61:E66) -> 2.9266703
A68: Recipe: https://www.allrecipes.com/recipe/246106/classic-chicken-caesar-salad/
A70: Unstuffed Peppers - Fiona | O70: 4
A71: Bell Peppers | B71: 3 | C71: 6.67 | D71: 6 | E71: =6.67*0.5 -> 3.335 | F71: https://www.samsclub.com/ip/Multi-Bell-Sweet-Peppers-6-ct/13617010302?classType=REGULAR&from=/search
A72: White Onion | B72: 1 | C72: 4.87 | D72: 10 | E72: =4.87*(1/10) -> 0.487 | F72: https://www.samsclub.com/ip/Peri-Sons-Farms-White-Onions-5-lbs/13599213570?classType=REGULAR&from=/search
A73: 15 oz can crushed tomatoes | B73: 1 | C73: 11.26 | D73: 224 oz. | E73: =11.26 *(15/224) -> 0.75401786 | F73: https://www.samsclub.com/ip/Tuttorosso-Crushed-Tomatoes-with-Basil-28-oz-8-pk/7294075605?classType=REGULAR&from=/search
A74: Olive Oil | B74: 1 Tbsp | C74: 12.98 | D74: 67.6 fl. oz. | E74: =12.98*(1/135.2) -> 0.096005917 | F74: Repeat Item
A75: Ground Beef | B75: 1 lb | C75: 19.07 | D75: 3 lbs | E75: 5.96 | F75: Repeat Item
A76: beef broth | B76: 2 cups | C76: 5.98 | D76: 96 fl. oz. | E76: =5.98*(16/96) -> 0.99666667 | F76: https://www.samsclub.com/ip/Swanson-Beef-Broth-32-oz-3-pk/17414851150?classType=REGULAR&from=/search
A77: Rice (white?) | B77: 1 cup | C77: 11.48 | D77: 62.5 cups | E77: =11.48*(1/62.5) -> 0.18368 | F77: https://www.samsclub.com/ip/Member-s-Mark-Long-Grain-White-Rice-25-lbs/7874220242?classType=REGULAR&from=/search
A78: Paprika | B78: 1 tsp | C78: 8.44 | D78: 18 oz. | E78: =8.44*(0.2/18) -> 0.093777778 | F78: https://www.samsclub.com/ip/Member-s-Mark-Spanish-Style-Paprika-18-oz/13594550259?classType=REGULAR&from=/search
A79: Salt | B79: 1 tsp | C79: 11.16 | D79: 96 oz. | E79: =11.16*(4/576) -> 0.0775 | F79: Repeat Item
A80: garlic (minced) | B80: 1 Tbsp | C80: 5.68 | D80: 48 oz. | E80: =5.68*(2/96) -> 0.11833333 | F80: Repeat Item
A81: Oregano | B81: 1 tsp | C81: 5.98 | D81: 5.5 oz. | E81: =5.98*(0.08/5.5) -> 0.086981818 | F81: https://www.samsclub.com/ip/Member-s-Mark-Oregano-5-5-oz/13599561333?classType=REGULAR&from=/search
A82: red pepper flakes | B82: 1 tsp | C82: 5.98 | D82: 13.5 oz. | E82: =5.98*(0.07/13.5) -> 0.031007407 | F82: https://www.samsclub.com/ip/Member-s-Mark-Crushed-Red-Pepper-13-5-oz/13614254893?classType=REGULAR&from=/search
A83: Totals | C83: =SUM(C71:C82) -> 109.55 | E83: =SUM(E71:E82) -> 12.219971
A84: Recipe Reference:
A86: Meatloaf - Nick | O86: 4
A87: Ground Beef | B87: 1 lb | C87: 19.07 | D87: 3 lbs | E87: 5.96 | F87: Repeat Item
A88: White Onion | B88: 0.5 | C88: 4.87 | D88: 10 | E88: =4.87*(1/10) -> 0.487 | F88: Repeat Item
A89: Italian Bread Crumbs | B89: 1 cup | C89: 5.94 | D89: 25 cups | E89: =5.94*(1/25) -> 0.2376 | F89: https://www.samsclub.com/ip/Vigo-Italian-Style-Bread-Crumbs-5-lbs/13803520339?classType=REGULAR&from=/search
A90: Egg | B90: 1 | C90: 4.42 | D90: 24 | E90: =4.42/24 -> 0.18416667 | F90: Repeat Item
A91: Milk(2%?) | B91: 1/4 cup | C91: 3.94 | D91: 59 fl. oz. | E91: =3.94*((1/4)/7.375) -> 0.13355932 | F91: Repeat Item
A92: Salt/Pepper | B92: 1 tsp | C92: 11.16 | D92: 96 oz. | E92: =11.16*(4/576) -> 0.0775 | F92: Repeat Item
A93: Olive Oil | B93: 1 Tbsp | C93: 12.98 | D93: 67.6 fl. oz. | E93: =12.98*(1/135.2) -> 0.096005917 | F93: Repeat Item
A94: Totals | C94: =SUM(C87:C93) -> 62.38 | E94: =SUM(E87:E93) -> 7.1758319
A95: Recipe Reference:
A97: Beef & Avocado Burrito - Nick | O97: 4
A98: Ground Beef | B98: 0.5 lb | C98: 19.07 | D98: 3 lbs | E98: =5.96/2 -> 2.98 | F98: Repeat Item
A99: White Rice | B99: 1 cup | C99: 11.48 | D99: 62.5 cups | E99: =11.48*(1/62.5) -> 0.18368 | F99: Repeat Item
A100: Avocado | B100: 2 | C100: 3.72 | D100: 5 | E100: =3.72*0.4 -> 1.488 | F100: https://www.samsclub.com/ip/Avocados-5-ct/13586650560?classType=REGULAR&from=/search
A101: Shredded Mexican Style Cheese | B101: 1 cup | C101: 6.16 | D101: 2 lbs. | E101: =6.16*(1/8) -> 0.77 | F101: https://www.samsclub.com/ip/Member-s-Mark-Mexican-Style-Finely-Shredded-Cheese-2-pk/13610570085?classType=REGULAR&from=/search
A102: Egg | B102: 2 | C102: 4.42 | D102: 24 | E102: =4.42/12 -> 0.36833333 | F102: Repeat Item
A103: Tortilla | B103: 4 | C103: 3.67 | D103: 24 | E103: =3.67*(1/6) -> 0.61166667 | F103: Repeat Item
A104: Olive Oil | B104: 2 tbsp | C104: 12.98 | D104: 67.6 fl. oz. | E104: =12.98*(2/135.2) -> 0.19201183 | F104: Repeat Item
A105: Totals | C105: =SUM(C98:C104) -> 61.5 | E105: =SUM(E98:E104) -> 6.5936918
A106: Recipe Reference:
A108: Veggie Sandwhich | O108: 1
A109: Sourdough Bread | B109: 2 slices | C109: 3.28 | D109: 1 loaf | E109: =3.28/20 -> 0.164 | F109: https://www.samsclub.com/ip/Nature-s-Own-Perfectly-Crafted-Thick-Sliced-Sourdough-Bread-22-oz/18605955761?classType=REGULAR&from=/search
A110: Cheese of Choice | B110: 1 slice | C110: 7.63 | D110: 42 slices | E110: =7.63/42 -> 0.18166667 | F110: https://www.samsclub.com/ip/Member-s-Mark-Sliced-Colby-Jack-Cheese-2-lbs/13612565305?classType=REGULAR&from=/search
...

Sheet Target Up (N)
A1: Ingredient | B1: Quantity (Recipe) | C1: Price | D1: Quantity (Store) | E1: Per Recipe | F1: Link
A3: Baked Feta Pasta - Taryn | O3: 6
A4: Baby Spinach | B4: 1 bag | C4: 2.29 | D4: 1 bag | E4: 2.29 | F4: https://www.target.com/p/baby-spinach-5oz-good-38-gather-8482/-/A-54555524#lnk=sametab
A5: Cherry Tomatoes | B5: 1 container | C5: 2.49 | D5: 1 container | E5: 2.49 | F5: https://www.target.com/p/premium-cherry-tomatoes-10oz-good-38-gather-8482-packaging-may-vary/-/A-82667108#lnk=sametab
A6: Feta Block | B6: 1 block | C6: 5.29 | D6: 1 block | E6: 5.29 | F6: https://www.target.com/p/feta-cheese-good-gather/-/A-95143272?preselect=88076221#lnk=sametab
A7: Olive oil | B7: 2 tbsp | C7: 6.39 | D7: 33.8 tbsp | E7: =6.39*(2/33.8) -> 0.37810651 | F7: https://www.target.com/p/extra-virgin-olive-oil-good-gather/-/A-89409909?preselect=77643078#lnk=sametab
A8: Salt/Pepper | B8: generous amount | C8: 2.19 | D8: 5 oz | E8: =2.19/15 -> 0.146 | F8: https://www.target.com/p/salt-38-pepper-shakers-5oz-good-38-gather-8482/-/A-77588365#lnk=sametab
A9: Minced garlic | B9: 2 tbsp | C9: 3.79 | D9: 8 oz | E9: =3.79*(2/16) -> 0.47375 | F9: https://www.target.com/p/spice-world-minced-garlic-8oz/-/A-13556562#lnk=sametab
A10: Pasta | B10: 8 oz | C10: 0.99 | D10: 16 oz | E10: =0.99/2 -> 0.495 | F10: https://www.target.com/p/rotini-16oz-good-38-gather-8482/-/A-78779157#lnk=sametab
A11: Totals | C11: =SUM(C4:C10) -> 23.43 | E11: =SUM(E4:E10) -> 11.562857
A12: Recipe Reference: https://thespicegirlkitchen.com/creamy-salmon-pasta/
A14: Overnight Oats - Taryn | O14: 1
A15: Old fashioned oats | B15: 1/4 cup | C15: 4.89 | D15: 42 oz | E15: =4.89*(8/42) -> 0.93142857 | F15: https://www.target.com/p/quaker-oats-old-fashioned-oats-42oz/-/A-13331320#lnk=sametab
A16: Greek yogurt | B16: 1/4 cup | C16: 5.99 | D16: 32oz | E16: =5.99*(8/32) -> 1.4975 | F16: https://www.target.com/p/chobani-whole-milk-plain-greek-yogurt-32oz/-/A-15242876#lnk=sametab
A17: Milk (2%?) | B17: 1/3 cup | C17: 2.69 | D17: 8 cup | E17: =2.69*((1/3)/8) -> 0.11208333 | F17: https://www.target.com/p/milk-good-gather/-/A-94602358?preselect=12925351#lnk=sametab
A18: Chia Seeds | B18: 2 tsp | C18: 7.99 | D18: 8 oz | E18: =7.99*(2/48) -> 0.33291667 | F18: https://www.target.com/p/navitas-organics-vegan-chia-seeds-8oz/-/A-15317967#lnk=sametab
A19: Strawberries | B19: 1/4 cup | C19: 3.49 | D19: 3 cup | E19: =3.49*(0.25/3) -> 0.29083333 | F19: https://www.target.com/p/strawberries-1lb/-/A-13208903#lnk=sametab
A20: Honey | B20: 2 tsp | C20: 4.79 | D20: 12 oz | E20: =4.79*(2/72) -> 0.13305556 | F20: https://www.target.com/p/organic-raw-unfiltered-pure-honey-12oz-good-38-gather-8482/-/A-54436263#lnk=sametab
A21: Totals | C21: =SUM(C15:C20) -> 29.84 | E21: =SUM(E15:E20) -> 3.2978175
A22: Recipe reference: https://www.allrecipes.com/recipe/244251/no-cook-overnight-oatmeal/
A24: Quesidilla - Liliana | O24: 4
A25: Tortilla (Large?) | B25: 8 | C25: 4.69 | D25: 8 | E25: 4.69 | F25: https://www.target.com/p/mission-burrito-size-flour-tortillas-20oz-8ct/-/A-13101055#lnk=sametab
A26: Butter | B26: 1 tbs | C26: 3.49 | D26: 32 tbsp | E26: =3.49*(1/32) -> 0.1090625 | F26: https://www.target.com/p/butter-1lb-good-gather/-/A-94800768?preselect=80796339#lnk=sametab
A27: Chicken breast | B27: 2 breasts | C27: 12.77 | D27: 4 breasts | E27: =12.77/2 -> 6.385 | F27: https://www.target.com/p/boneless-skinless-chicken-breast-1-5-3-2lbs-price-per-lb-good-38-gather-8482/-/A-52205815#lnk=sametab
A28: Black beans | B28: 1 can | C28: 1.59 | D28: 1 can | E28: 1.59 | F28: https://www.target.com/p/goya-black-beans-15-5oz/-/A-14771988#lnk=sametab
A29: Shredded cheddar cheese | B29: 1 bag | C29: 1.99 | D29: 1 bag | E29: 1.99 | F29: https://www.target.com/p/shredded-cheese-good-gather/-/A-95161102?preselect=54337105#lnk=sametab
A30: Salt/Pepper | B30: 1 tsp | C30: 2.19 | D30: 5 oz | E30: =2.19/15 -> 0.146 | F30: Repeat Item
A31: Olive oil (sub with vegetable) | B31: 1 Tbs | C31: 6.39 | D31: 33.8 tbsp | E31: =6.39*(1/33.8) -> 0.18905325 | F31: Repeat Item
A32: Totals | C32: =SUM(C25:C31) -> 33.11 | E32: =SUM(E25:E31) -> 15.099116
A33: Recipe Reference:
A35: Taco Soup - Liliana | O35: 6
A36: Ground Beef | B36: 1lb | C36: 7.99 | D36: 1 lb | E36: 7.99 | F36: https://www.target.com/p/all-natural-93-7-ground-beef-good-gather/-/A-94935670?preselect=13288296#lnk=sametab
A37: Onion (yellow?) | B37: 1 | C37: 0.89 | D37: 1 | E37: 0.89 | F37: https://www.target.com/p/yellow-onion-each/-/A-13474244#lnk=sametab
A38: Diced tomatos | B38: 1 can | C38: 3.79 | D38: 1 can | E38: 3.79 | F38: https://www.target.com/p/muir-glen-organic-fire-roasted-diced-tomatoes/-/A-94669615?preselect=13032003#lnk=sametab
A39: Taco seasoning | B39: 1 packet | C39: 0.99 | D39: 1 packet | E39: 0.99 | F39: https://www.target.com/p/old-el-paso-taco-seasoning-mix-original-1oz/-/A-13015071#lnk=sametab
A40: Kindey beans | B40: 1 can | C40: 1.49 | D40: 1 can | E40: 1.49 | F40: https://www.target.com/p/bush-39-s-dark-red-kidney-beans-16oz/-/A-13593955#lnk=sametab
A41: Sweet corn | B41: 1 can | C41: 0.99 | D41: 1 can | E41: 0.99 | F41: https://www.target.com/p/golden-sweet-whole-kernel-corn-15-25oz-good-38-gather-8482/-/A-79466788#lnk=sametab
A42: Salt/Pepper | B42: A pinch | C42: 2.19 | D42: 5 oz | E42: =2.19/15 -> 0.146 | F42: Repeat Item
A43: Shredded cheddar cheese | B43: 1.5 cup bag | C43: =1.99*2 -> 3.98 | D43: 2 8 oz. bag | E43: =1.99*1.5 -> 2.985 | F43: Repeat Item
A44: Fritos | B44: half bag | C44: 4.69 | D44: 1 bag | E44: =4.69/2 -> 2.345 | F44: https://www.target.com/p/fritos-original-corn-chips-9-25oz/-/A-12991608#lnk=sametab
A45: Sour cream | B45: 1 small tub(8oz) | C45: 1.99 | D45: 16 oz. | E45: =1.99/2 -> 0.995 | F45: https://www.target.com/p/sour-cream-16oz-good-38-gather-8482/-/A-79556010#lnk=sametab
A46: Totals | C46: =SUM(C36:C45) -> 28.99 | E46: =SUM(E36:E45) -> 22.611
A47: Recipe Reference:
A49: Pancakes - Nate | O49: 4
A50: Whole Wheat Flour | B50: 2 cups | C50: 2.49 | D50: 17.5 cups | E50: =2.49*(2/17.5) -> 0.28457143 | F50: https://www.target.com/p/whole-wheat-flour-5lb-good-38-gather-8482/-/A-78206460#lnk=sametab
A51: White Sugar | B51: 2 tbsp | C51: 3.19 | D51: 144 tbsp | E51: =3.19/77 -> 0.041428571 | F51: https://www.target.com/p/granulated-sugar-4lbs-good-38-gather-8482/-/A-78471310#lnk=sametab
A52: Baking Powder | B52: 2 tsp | C52: 2.69 | D52: 48tsp | E52: =2.69/24 -> 0.11208333 | F52: https://www.target.com/p/clabber-girl-gluten-free-double-acting-baking-powder-8-1oz/-/A-14770673#lnk=sametab
A53: Baking Soda | B53: 1/2 tsp | C53: 1.59 | D53: 5 tsp | E53: =1.59*(0.5/95) -> 0.0083684211 | F53: https://www.target.com/p/arm-38-hammer-pure-baking-soda-1lb/-/A-15133726#lnk=sametab
A54: Salt | B54: 1/2 tsp | C54: 2.19 | D54: 5 oz | E54: =2.19/15 -> 0.146 | F54: Repeat Item
A55: Buttermilk(Milk) | B55: 2 1/4 cup | C55: 2.69 | D55: 8 cups | E55: =2.69*(2.25/8) -> 0.7565625 | F55: https://www.target.com/p/milk-good-gather/-/A-94602358?preselect=12925351#lnk=sametab
A56: Eggs | B56: 2 | C56: 2.99 | D56: 12 eggs | E56: =2.99/6 -> 0.49833333 | F56: https://www.target.com/p/cage-free-fresh-grade-a-large-brown-eggs-12ct-good-38-gather-8482/-/A-14662561#lnk=sametab
A57: Vegetable Oil | B57: 4 tbsp | C57: 2.79 | D57: 48 tbsp | E57: =2.79*(4/48) -> 0.2325 | F57: https://www.target.com/p/vegetable-oil-good-gather/-/A-89467834?preselect=78376314#lnk=sametab
A58: Totals | C58: =SUM(C50:C57) -> 20.62 | E58: =SUM(E50:E57) -> 2.0798476
A59: Recipe: https://www.allrecipes.com/recipe/232131/100-whole-wheat-pancakes/
A61: Chicken Caesar Salad - Nate | O61: 2
A62: Romaine Lettuce | B62: 3 cups | C62: 2.99 | D62: 5 cups | E62: =2.99*(3/5) -> 1.794 | F62: https://www.target.com/p/shredded-romaine-lettuce-8oz-good-38-gather-8482/-/A-79858162#lnk=sametab
A63: Chicken Breast | B63: 1/2 lb | C63: 12.77 | D63: 4 breasts | E63: =12.77/4 -> 3.1925 | F63: Repeat Item
A64: Shredded Parmesan Cheese | B64: 1/4 cup | C64: 1.99 | D64: 6 oz | E64: =1.99*(2/6) -> 0.66333333 | F64: https://www.target.com/p/parmesan-cheese-good-gather/-/A-95138779?preselect=54337106#lnk=sametab
A65: Croutons | B65: handful | C65: 2.29 | D65: 20 servings | E65: =2.29/10 -> 0.229 | F65: https://www.target.com/p/new-york-bakery-the-original-texas-toast-seasoned-croutons-5oz/-/A-13475919#lnk=sametab
A66: Caesar Salad Dressing | B66: 2 tbsp | C66: 3.69 | D66: 16 fl. oz | E66: =3.69/16 -> 0.230625 | F66: https://www.target.com/p/ken-39-s-steak-house-creamy-caesar-salad-dressing-16-fl-oz/-/A-14775008#lnk=sametab
A67: Totals | C67: =SUM(C61:C66) -> 23.73 | E67: =SUM(E61:E66) -> 6.1094583
A68: Recipe: https://www.allrecipes.com/recipe/246106/classic-chicken-caesar-salad/
A70: Unstuffed Peppers - Fiona | O70: 4
A71: Bell Peppers | B71: 3 | C71: 2.69 | D71: 3 | E71: 2.69 | F71: https://www.target.com/p/tri-colored-bell-peppers-16oz-3ct-good-38-gather-8482-packaging-may-vary/-/A-78832378#lnk=sametab
A72: White Onion | B72: 1 | C72: 0.89 | D72: 1 | E72: =0.89 -> 0.89 | F72: https://www.target.com/p/white-onion-each/-/A-14917361#lnk=sametab
A73: 15 oz can crushed tomatoes | B73: 1 | C73: 3.79 | D73: 1 can | E73: 3.79 | F73: https://www.target.com/p/muir-glen-organic-gluten-free-crushed-fire-roasted-tomatoes-14-5oz/-/A-79586106#lnk=sametab
A74: Olive Oil | B74: 1 Tbsp | C74: 6.39 | D74: 33.8 tbsp | E74: =6.39*(1/33.8) -> 0.18905325 | F74: Repeat Item
A75: Ground Beef | B75: 1 lb | C75: 7.99 | D75: 1 lb | E75: 7.99 | F75: Repeat Item
A76: beef broth | B76: 2 cups | C76: 1.79 | D76: 32 oz. | E76: =1.79/2 -> 0.895 | F76: https://www.target.com/p/broth-good-gather/-/A-95174386?preselect=54581340#lnk=sametab
A77: Rice (white?) | B77: 1 cup | C77: 1.89 | D77: 32 oz. | E77: =1.89/4 -> 0.4725 | F77: https://www.target.com/p/enriched-long-grain-white-rice-good-gather/-/A-89229583?preselect=54602335#lnk=sametab
A78: Paprika | B78: 1 tsp | C78: 1.19 | D78: 12 tsp | E78: =1.19/12 -> 0.099166667 | F78: https://www.target.com/p/ground-paprika-2-12oz-good-38-gather-8482/-/A-77587875#lnk=sametab
A79: Salt | B79: 1 tsp | C79: 2.19 | D79: 5 oz | E79: =2.19/15 -> 0.146 | F79: Repeat Item
A80: garlic (minced) | B80: 1 Tbsp | C80: 3.79 | D80: 8 oz | E80: =3.79*(1/16) -> 0.236875 | F80: Repeat Item
A81: Oregano | B81: 1 tsp | C81: 1.19 | D81: 12 tsp | E81: =1.19/12 -> 0.099166667 | F81: https://www.target.com/p/oregano-leaves-0-75oz-good-38-gather-8482/-/A-77588051#lnk=sametab
A82: red pepper flakes | B82: 1 tsp | C82: 1.19 | D82: 12 tsp | E82: =1.19/12 -> 0.099166667 | F82: https://www.target.com/p/crushed-red-pepper-1-5oz-good-38-gather-8482/-/A-77584991#lnk=sametab
A83: Totals | C83: =SUM(C71:C82) -> 34.98 | E83: =SUM(E71:E82) -> 17.596928
A84: Recipe Reference:
A86: Meatloaf - Nick | O86: 4
A87: Ground Beef | B87: 1 lb | C87: 7.99 | D87: 1 lb | E87: 7.99 | F87: Repeat Item
A88: White Onion | B88: 0.5 | C88: 0.89 | D88: 1 | E88: =0.89/2 -> 0.445 | F88: Repeat Item
A89: Italian Bread Crumbs | B89: 1 cup | C89: 2.79 | D89: 3.25 cups | E89: =2.79*(1/3.25) -> 0.85846154 | F89: https://www.target.com/p/progresso-italian-style-bread-crumbs-15oz/-/A-12935586#lnk=sametab
A90: Egg | B90: 1 | C90: 2.99 | D90: 12 eggs | E90: =2.99/12 -> 0.24916667 | F90: Repeat Item
A91: Milk(2%?) | B91: 1/4 cup | C91: 2.69 | D91: 8 cup | E91: =2.69*((1/4)/8) -> 0.0840625 | F91: Repeat Item
A92: Salt/Pepper | B92: 1 tsp | C92: 2.19 | D92: 5 oz | E92: =2.19/15 -> 0.146 | F92: Repeat Item
A93: Olive Oil | B93: 1 Tbsp | C93: 6.39 | D93: 33.8 tbsp | E93: =6.39*(1/33.8) -> 0.18905325 | F93: Repeat Item
A94: Totals | C94: =SUM(C87:C93) -> 25.93 | E94: =SUM(E87:E93) -> 9.961744
A95: Recipe Reference:
A97: Beef & Avocado Burrito - Nick | O97: 4
A98: Ground Beef | B98: 0.5 lb | C98: 7.99 | D98: 1 lb | E98: =7.99/2 -> 3.995 | F98: Repeat Item
A99: White Rice | B99: 1 cup | C99: 1.89 | D99: 32 oz. | E99: =1.89/4 -> 0.4725 | F99: Repeat Item
A100: Avocado | B100: 2 | C100: =0.59*2 -> 1.18 | D100: 2 | E100: 1.18 | F100: https://www.target.com/p/avocado-each/-/A-47095644#lnk=sametab
A101: Shredded Mexican Style Cheese | B101: 1 cup | C101: 1.99 | D101: 2 cups | E101: =1.99/2 -> 0.995 | F101: https://www.target.com/p/shredded-cheese-good-gather/-/A-95161102?preselect=54337113#lnk=sametab
A102: Egg | B102: 2 | C102: 2.99 | D102: 12 eggs | E102: =2.99/6 -> 0.49833333 | F102: Repeat Item
A103: Tortilla | B103: 4 | C103: 4.69 | D103: 8 | E103: =4.69/2 -> 2.345 | F103: Repeat Item
A104: Olive Oil | B104: 2 tbsp | C104: 6.39 | D104: 33.8 tbsp | E104: =6.39*(2/33.8) -> 0.37810651 | F104: Repeat Item
A105: Totals | C105: =SUM(C98:C104) -> 27.12 | E105: =SUM(E98:E104) -> 9.8639398
A106: Recipe Reference:
A108: Veggie Sandwhich | O108: 1
A109: Sourdough Bread | B109: 2 slices | C109: 4.19 | D109: 10 slices | E109: =4.19/10 -> 0.419 | F109: https://www.target.com/p/sliced-sourdough-bread-17oz-favorite-day-8482/-/A-14992707#lnk=sametab
A110: Cheese of Choice | B110: 1 slice | C110: 1.69 | D110: 12 slices | E110: =1.69/12 -> 0.14083333 | F110: https://www.target.com/p/deli-sliced-cheese-good-gather/-/A-95138096?preselect=54340560#lnk=sametab
...

Sheet Aldi (L)
A1: Ingredient | B1: Quantity (Recipe) | C1: Price | D1: Quantity (Store) | E1: Per Recipe | F1: Link
A3: Baked Feta Pasta - Taryn | O3: 6
A4: Baby Spinach | B4: 1 bag | C4: 2.85 | D4: 5oz | E4: 2.85 | F4: Organic Baby Spinach, 5 oz
A5: Cherry Tomatoes | B5: 1 container | C5: 2.19 | D5: 10oz | E5: 2.19 | F5: Grape Tomatoes 10-oz
A6: Feta Block | B6: 1 block | C6: 3.85 | D6: 8 oz | E6: 3.85 | F6: Emporium Selection Traditional Feta Cheese Block 8-oz
A7: Olive oil | B7: 2 tbsp | C7: 6.25 | D7: 16.9 oz (34 tbsp) | E7: =(2/34)*6.25 -> 0.36764706 | F7: https://www.aldi.us/product/carlini-pure-olive-oil-16-9-fl-oz-0000000000000192
A8: Salt/Pepper | B8: generous amount | C8: =4.05+0.85 -> 4.9 | D8: 26 oz salt, 3 oz pep | E8: =(4.05/30)+(0.85/80) -> 0.145625 | F8: https://www.aldi.us/product/stonemill-iodized-salt-26-oz-0000000000001821 | N8: https://www.aldi.us/product/stonemill-ground-black-pepper-3-oz-0000000000001058
A9: Minced garlic | B9: 2 tbsp | C9: 2.85 | D9: 8oz | E9: =(2/16)*2.85 -> 0.35625 | F9: https://www.aldi.us/product/stonemill-minced-garlic-in-water-8-oz-0000000000001929
A10: Pasta | B10: 8 oz | C10: 2.09 | D10: 16oz | E10: =2.09/2 -> 1.045 | F10: https://www.aldi.us/product/simply-nature-organic-linguine-1-lb-0000000000001535
A11: Totals | C11: =SUM(C4:C10) -> 24.98 | E11: =SUM(E4:E10) -> 10.804522
A12: Recipe Reference: https://thespicegirlkitchen.com/creamy-salmon-pasta/
A14: Overnight Oats - Taryn | O14: 1
A15: Old fashioned oats | B15: 1/4 cup | C15: 4.55 | D15: 42oz (5.25 cups) | E15: =(1/21)*4.55 -> 0.21666667 | F15: https://www.aldi.us/product/millville-old-fashioned-rolled-oats-42-oz-0000000000001533
A16: Greek yogurt | B16: 1/4 cup | C16: 3.29 | D16: 32oz | E16: =3.29/16 -> 0.205625 | F16: https://www.aldi.us/product/friendly-farms-nonfat-plain-greek-yogurt-32-oz-0000000000000020
A17: Milk (2%?) | B17: 1/3 cup | C17: 2.79 | D17: 8 cups | E17: =(1/24)*2.79 -> 0.11625 | F17: https://www.aldi.us/product/friendly-farms-2-milk-64-fl-oz-0000000000001476
A18: Chia Seeds | B18: 2 tsp | C18: 4.09 | D18: 12 oz | E18: =(2/72)*4.09 -> 0.11361111 | F18: https://www.aldi.us/product/simply-nature-chia-seeds-12-oz-0000000000000605
A19: Strawberries | B19: 1/4 cup | C19: 3.09 | D19: 1lb (3 cups) | E19: =3.09/12 -> 0.2575 | F19: https://www.aldi.us/product/strawberries-1-lb-0000000000003798
A20: Honey | B20: 2 tsp | C20: 3.69 | D20: 12 oz | E20: =(2/72)*3.69 -> 0.1025 | F20: https://www.aldi.us/product/berryhill-honey-bear-12-oz-0000000000001030
A21: Totals | C21: =SUM(C15:C20) -> 21.5 | E21: =SUM(E15:E20) -> 1.0121528
A22: Recipe reference: https://www.allrecipes.com/recipe/244251/no-cook-overnight-oatmeal/
A24: Quesidilla - Liliana | O24: 4
A25: Tortilla (Large?) | B25: 8 | C25: 2.35 | D25: 8 | E25: 2.35 | F25: https://www.aldi.us/product/pueblo-lindo-large-burrito-flour-tortillas-8-count-0000000000002386
A26: Butter | B26: 1 tbs | C26: 3.29 | D26: 16 oz | E26: =3.29/32 -> 0.1028125 | F26: https://www.aldi.us/product/countryside-creamery-unsalted-butter-sticks-1-lb-0000000000001861
A27: Chicken breast | B27: 2 breasts | C27: 5.79 | D27: 2 breasts | E27: 5.79 | F27: https://www.aldi.us/product/simply-nature-organic-chicken-breasts-per-lb-0000000000008054
A28: Black beans | B28: 1 can | C28: 0.95 | D28: 1 can | E28: 0.95 | F28: https://www.aldi.us/product/black-beans-15-5-oz-can-0000000000001392
A29: Shredded cheddar cheese | B29: 1 bag | C29: 2.65 | D29: 11 oz | E29: 2.65 | F29: https://www.aldi.us/product/happy-farms-thick-cut-shredded-yellow-cheddar-cheese-11-oz-0000000000009398
A30: Salt/Pepper | B30: 1 tsp | C30: =4.05+0.85 -> 4.9 | D30: 26 oz salt, 3 oz pep | E30: =(4.05/45)+(0.85/123) -> 0.096910569 | F30: Repeat Item
A31: Olive oil (sub with vegetable) | B31: 1 Tbs | C31: 6.25 | D31: 16.9 oz (34 tbsp) | E31: =(1/34)*6.25 -> 0.18382353 | F31: Repeat Item
A32: Totals | C32: =SUM(C25:C31) -> 26.18 | E32: =SUM(E25:E31) -> 12.123547
A33: Recipe Reference:
A35: Taco Soup - Liliana | O35: 6
A36: Ground Beef | B36: 1lb | C36: 6.95 | D36: 1lb | E36: 6.95 | F36: https://www.aldi.us/product/simply-nature-organic-grass-fed-85-lean-ground-beef-1-lb-0000000000001500
A37: Onion (yellow?) | B37: 1 | C37: 2.19 | D37: 5 | E37: =(1/5)*2.19 -> 0.438 | F37: https://www.aldi.us/product/yellow-onions-3-lb-0000000000004002
A38: Diced tomatos | B38: 1 can | C38: 0.99 | D38: 1 can | E38: 0.99 | F38: https://www.aldi.us/product/simply-nature-organic-grass-fed-85-lean-ground-beef-1-lb-0000000000001500
A39: Taco seasoning | B39: 1 packet | C39: 0.55 | D39: 1 packet | E39: 0.55 | F39: https://www.aldi.us/product/casa-mamita-taco-seasoning-mix-1-oz-0000000000001322
A40: Kindey beans | B40: 1 can | C40: 0.95 | D40: 1 can | E40: 0.95 | F40: https://www.aldi.us/product/dakota-s-pride-canned-dark-red-kidney-beans-15-5-oz-0000000000002679
A41: Sweet corn | B41: 1 can | C41: 0.85 | D41: 1 can | E41: 0.85 | F41: https://www.aldi.us/product/happy-harvest-canned-whole-kernel-golden-sweet-corn-15-25-oz-0000000000001645
A42: Salt/Pepper | B42: A pinch | C42: =4.05+0.85 -> 4.9 | D42: 26 oz salt, 3 oz pep | E42: =(4.05/45)+(0.85/123) -> 0.096910569 | F42: Repeat Item
A43: Shredded cheddar cheese | B43: 1.5 cup bag | C43: =C29 -> 2.65 | D43: =D29 -> 11 oz | E43: =E29*2 -> 5.3 | F43: Repeat Item
A44: Fritos | B44: half bag | C44: 1.89 | D44: 9.25 oz | E44: =1.89/13 -> 0.14538462 | F44: https://www.aldi.us/product/clancy-s-corn-chips-9-25-oz-0000000000001790
A45: Sour cream | B45: 1 small tub(8oz) | C45: 1.99 | D45: 16 oz | E45: =1.99/2 -> 0.995 | F45: https://www.aldi.us/product/friendly-farms-sour-cream-16-oz-0000000000002088
A46: Totals | C46: =SUM(C36:C45) -> 23.91 | E46: =SUM(E36:E45) -> 17.265295
A47: Recipe Reference:
A49: Pancakes - Nate | O49: 4
A50: Whole Wheat Flour | B50: 2 cups | C50: 2.19 | D50: 5lb | E50: =(2/19)*2.19 -> 0.23052632 | F50: https://www.aldi.us/product/baker-s-corner-all-purpose-flour-5-lb-0000000000001812
A51: White Sugar | B51: 2 tbsp | C51: 3.19 | D51: 4lb | E51: =(2/149)*3.19 -> 0.042818792 | F51: https://www.aldi.us/product/baker-s-corner-granulated-sugar-4-lb-0000000000001893
A52: Baking Powder | B52: 2 tsp | C52: 2.05 | D52: 8.1 oz | E52: =(2/48)*2.05 -> 0.085416667 | F52: https://www.aldi.us/results?q=baking+powder
A53: Baking Soda | B53: 1/2 tsp | C53: 0.99 | D53: 16 oz | E53: =(1/192)*0.99 -> 0.00515625 | F53: https://www.aldi.us/product/baker-s-corner-baking-soda-16-oz-0000000000001901
A54: Salt | B54: 1/2 tsp | C54: 0.85 | D54: 26 oz | E54: 0.01 | F54: Repeat Item
A55: Buttermilk | B55: 2 1/4 cup | C55: NA | D55: NA | E55: NA | F55: NONE
A56: Eggs | B56: 2 | C56: 2.19 | D56: 12 | E56: =(1/6)*2.19 -> 0.365 | F56: https://www.aldi.us/product/goldhen-grade-a-large-white-eggs-1-dozen-0000000000001719
A57: Vegetable Oil | B57: 4 tbsp | C57: 3.85 | D57: 48oz | E57: =(4/96)*3.85 -> 0.16041667 | F57: https://www.aldi.us/product/carlini-pure-vegetable-oil-48-fl-oz-0000000000001136
A58: Totals | C58: =SUM(C50:C57) -> 15.31 | E58: =SUM(E50:E57) -> 0.89933469
A59: Recipe: https://www.allrecipes.com/recipe/232131/100-whole-wheat-pancakes/
A61: Chicken Caesar Salad - Nate | O61: 2
A62: Romaine Lettuce | B62: 3 cups | C62: 3.29 | D62: 3 Hearts | E62: =3.29/3 -> 1.0966667 | F62: https://www.aldi.us/product/romaine-lettuce-hearts-3-count-0000000000003557
A63: Chicken Breast | B63: 1/2 lb | C63: =C27 -> 5.79 | D63: 1lb | E63: =0.5*C63 -> 2.895 | F63: Repeat Item
A64: Shredded Parmesan Cheese | B64: 1/4 cup | C64: 3.09 | D64: 5 oz | E64: =0.5*3.09 -> 1.545 | F64: https://www.aldi.us/product/emporium-selection-shredded-parmesan-cheese-5-oz-0000000000001522
A65: Croutons | B65: handful | C65: 1.49 | D65: 5 oz | E65: =(1/10)*1.49 -> 0.149 | F65: https://www.aldi.us/product/tuscan-garden-caesar-croutons-5-oz-0000000000001342
A66: Caesar Salad Dressing | B66: 2 tbsp | C66: 2.15 | D66: 16 oz | E66: =(2/32)*2.15 -> 0.134375 | F66: https://www.aldi.us/product/tuscan-garden-classic-caesar-dressing-16-fl-oz-0000000000001910
A67: Totals | C67: =SUM(C61:C66) -> 15.81 | E67: =SUM(E61:E66) -> 5.8200417
A68: Recipe: https://www.allrecipes.com/recipe/246106/classic-chicken-caesar-salad/
A70: Unstuffed Peppers - Fiona | O70: 4
A71: Bell Peppers | B71: 3 | C71: 1.99 | D71: 3 | E71: 1.99 | F71: https://www.aldi.us/product/multi-colored-peppers-3-count-0000000000004006
A72: White Onion | B72: 1 | C72: 2.19 | D72: 5 | E72: =(1/5)*2.19 -> 0.438 | F72: same as yellow onion
A73: 15 oz can crushed tomatoes | B73: 1 | C73: 1.65 | D73: 28oz | E73: =(15/28)*1.65 -> 0.88392857 | F73: https://www.aldi.us/product/happy-harvest-crushed-tomatoes-28-oz-0000000000001422
A74: Olive Oil | B74: 1 Tbsp | C74: 6.25 | D74: 16.9 oz (34 tbsp) | E74: =(1/34)*6.25 -> 0.18382353 | F74: Repeat Item
A75: Ground Beef | B75: 1 lb | C75: 6.95 | D75: 1lb | E75: 6.95 | F75: Repeat Item
A76: beef broth | B76: 2 cups | C76: 1.55 | D76: 4 cup | E76: =1.55/2 -> 0.775 | F76: https://www.aldi.us/product/chef-s-cupboard-fat-free-beef-broth-32-oz-0000000000000092
A77: Rice (white?) | B77: 1 cup | C77: 2.95 | D77: 9 cups | E77: =(1/9)*2.95 -> 0.32777778 | F77: https://www.aldi.us/product/earthly-grains-long-grain-white-rice-3-lb-0000000000001374
A78: Paprika | B78: 1 tsp | C78: 1.09 | D78: 13 tsp | E78: =1.09/13 -> 0.083846154 | F78: https://www.aldi.us/product/stonemill-paprika-2-12-oz-0000000000002029
A79: Salt | B79: 1 tsp | C79: 0.85 | D79: 26 oz | E79: 0.01 | F79: Repeat Item
A80: garlic (minced) | B80: 1 Tbsp | C80: 2.85 | D80: 8oz | E80: =2.85/16 -> 0.178125 | F80: Repeat Item
A81: Oregano | B81: 1 tsp | C81: 1.09 | D81: 5 tsp | E81: =(1/5)*1.09 -> 0.218 | F81: https://www.aldi.us/product/stonemill-oregano-leaves-0-75-oz-0000000000000184
A82: red pepper flakes | B82: 1 tsp | C82: 1.09 | D82: 10 tsp | E82: =1.09/10 -> 0.109 | F82: https://www.aldi.us/product/stonemill-crushed-red-pepper-1-5-oz-0000000000002495
A83: Totals | C83: =SUM(C71:C82) -> 30.5 | E83: =SUM(E71:E82) -> 12.147501
A84: Recipe Reference:
A86: Meatload - Nick | O86: 4
A87: Ground Beef | B87: 1 lb | C87: 6.95 | D87: 1lb | E87: 6.95 | F87: Repeat Item
A88: White Onion | B88: 0.5 | C88: 2.19 | D88: 5 | E88: =2.19/10 -> 0.219 | F88: Repeat Item
A89: Italian Bread Crumbs | B89: 1 cup | C89: 1.35 | D89: 3.5 cup | E89: =1.35/35 -> 0.038571429 | F89: https://www.aldi.us/product/chef-s-cupboard-plain-breadcrumbs-15-oz-0000000000000730
A90: Egg | B90: 1 | C90: 2.19 | D90: 12 | E90: =2.19/12 -> 0.1825 | F90: Repeat Item
A91: Milk(2%?) | B91: 1/4 cup | C91: 2.79 | D91: 8 cups | E91: =(1/32)*2.79 -> 0.0871875 | F91: Repeat Item
A92: Salt/Pepper | B92: 1 tsp | C92: =4.05+0.85 -> 4.9 | D92: 26 oz salt, 3 oz pep | E92: =(4.05/45)+(0.85/123) -> 0.096910569 | F92: Repeat Item
A93: Olive Oil | B93: 1 Tbsp | C93: 6.25 | D93: 16.9 oz (34 tbsp) | E93: =(1/34)*6.25 -> 0.18382353 | F93: Repeat Item
A94: Totals | C94: =SUM(C87:C93) -> 26.62 | E94: =SUM(E87:E93) -> 7.757993
A95: Recipe Reference:
A97: Beef & Avocado Burrito - Nick | O97: 4
A98: Ground Beef | B98: 0.5 lb | C98: 6.95 | D98: 1lb | E98: =0.5*6.95 -> 3.475 | F98: Repeat Item
A99: White Rice | B99: 1 cup | C99: 2.95 | D99: 9 cups | E99: =2.95/9 -> 0.32777778 | F99: Repeat Item
A100: Avocado | B100: 2 | C100: 0.65 | D100: 1 avocado | E100: =2*0.65 -> 1.3 | F100: https://www.aldi.us/product/large-avocado-each-0000000000005785
A101: Shredded Mexican Style Cheese | B101: 1 cup | C101: 3.09 | D101: 3 cups | E101: =C101/3 -> 1.03 | F101: https://www.aldi.us/product/happy-farms-shredded-mexican-cheese-12-oz-0000000000001908
A102: Egg | B102: 2 | C102: 2.19 | D102: 12 | E102: =(1/6)*2.19 -> 0.365 | F102: Repeat Item
A103: Tortilla | B103: 4 | C103: 2.35 | D103: 8 | E103: =C103/2 -> 1.175 | F103: Repeat Item
A104: Olive Oil | B104: 2 tbsp | C104: 6.25 | D104: 16.9 oz (34 tbsp) | E104: =(2/34)*6.25 -> 0.36764706 | F104: Repeat Item
A105: Totals | C105: =SUM(C98:C104) -> 24.43 | E105: =SUM(E98:E104) -> 8.0404248
A106: Recipe Reference:
A108: Veggie Sandwhich | O108: 1
A109: Sourdough Bread | B109: 2 slices | C109: 3.65 | D109: 12 slices | E109: =(2/12)*3.65 -> 0.60833333 | F109: https://www.aldi.us/product/specially-selected-sliced-sourdough-round-24-oz-0000000000002122
A110: Cheese of Choice | B110: 1 slice | C110: 1.65 | D110: 11 slices | E110: =1.65/11 -> 0.15 | F110: https://www.aldi.us/product/happy-farms-deli-sliced-colby-jack-cheese-7-5-oz-0000000000001801
...

Sheet Walmart (L)
A1: Ingredient | B1: Quantity (Recipe) | C1: Price | D1: Quantity (Store) | E1: Per Recipe | F1: Link
A3: Baked Feta Pasta - Taryn | O3: 6
A4: Baby Spinach | B4: 1 bag | C4: 2.18 | D4: 1 bag | E4: 2.18 | F4: Marketside Fresh Baby Spinach 6-oz Bag Fresh
A5: Cherry Tomatoes | B5: 1 container | C5: 2.63 | D5: 1 pint | E5: 2.63 | F5: Sunset Angel Sweet Tomatoes 1-Pint Package Fresh
A6: Feta Block | B6: 1 block | C6: 5.46 | D6: 8 oz | E6: 5.46 | F6: President All Natural Feta Cheese Block 8-oz Refrigerated
A7: Olive oil | B7: 2 tbsp | C7: 5.94 | D7: 34 Tbsp | E7: =(2/34)*5.94 -> 0.34941176 | F7: Great Value Classic Olive Oil 17-fl-oz
A8: Salt/Pepper | B8: generous amount | C8: 1.94 | D8: 1.5g | E8: 0.01 | F8: Great Value Black Pepper Iodized Salt 5 25-oz
A9: Minced garlic | B9: 2 tbsp | C9: 1.87 | D9: 7.33 Tbsp | E9: =(2/7.33)*1.87 -> 0.51023192 | F9: Spice World Minced Garlic Jar 4.5-oz
A10: Pasta | B10: 8 oz | C10: 0.98 | D10: 16oz | E10: =0.5*0.98 -> 0.49 | F10: Great Value Linguine 16-oz
A11: Totals | C11: =SUM(C4:C10) -> 21 | E11: =SUM(E4:E10) -> 11.629644
A12: Recipe Reference: https://thespicegirlkitchen.com/creamy-salmon-pasta/
A14: Overnight Oats - Taryn | O14: 1
A15: Old fashioned oats | B15: 1/4 cup | C15: 2.66 | D15: 18oz | E15: =2.66/26 -> 0.10230769 | F15: Great Value Instant Old Fashioned Oats Tube 18-oz
A16: Greek yogurt | B16: 1/4 cup | C16: 0.82 | D16: 5.3oz | E16: =0.82/2 -> 0.41 | F16: Great Value Greek Vanilla Nonfat Yogurt 5.3-oz
A17: Milk (2%?) | B17: 1/3 cup | C17: 1.18 | D17: 16oz | E17: =(1/6)*1.18 -> 0.19666667 | F17: Gallikers Fresh 2 Reduced Fat Milk Natural Flavor Pint Plastic Bottle 16-fl-oz
A18: Chia Seeds | B18: 2 tsp | C18: 7.94 | D18: 8 oz | E18: =(2/90)*7.94 -> 0.17644444 | F18: Black Chia Seeds 8-Ounces
A19: Strawberries | B19: 1/4 cup | C19: 2.12 | D19: 8.8oz (2 cups) | E19: =(1/8)*2.12 -> 0.265 | F19: Fresh Strawberries 8.8oz Container
A20: Honey | B20: 2 tsp | C20: 3.74 | D20: 48 tsp | E20: =(2/48)*3.74 -> 0.15583333 | F20: Great Value Honey 12-oz Plastic Bear
A21: Totals | C21: =SUM(C15:C20) -> 18.46 | E21: =SUM(E15:E20) -> 1.3062521
A22: Recipe reference: https://www.allrecipes.com/recipe/244251/no-cook-overnight-oatmeal/
A24: Quesidilla - Liliana | O24: 4
A25: Tortilla (Large?) | B25: 8 | C25: 2.12 | D25: 8 count | E25: 2.12 | F25: Great Value Burrito Flour Tortillas 20-oz 8-Count
A26: Butter | B26: 1 tbs | C26: 2.57 | D26: 16 Tbsp | E26: =2.57/16 -> 0.160625 | F26: Land-O-Lakes Salted Butter Half Sticks 4 Half Butter Sticks 8-oz Pack
A27: Chicken breast | B27: 2 breasts | C27: =8.82 -> 8.82 | D27: 3 breasts | E27: =(2/3)*8.82 -> 5.88 | F27: Perdue No Antibiotics Ever Fresh Boneless Skinless Chicken Breast
A28: Black beans | B28: 1 can | C28: 0.86 | D28: 1 can | E28: 0.86 | F28: Great Value Black Beans 15-oz Can
A29: Shredded cheddar cheese | B29: 1 bag | C29: 1.97 | D29: 1 bag | E29: 1.97 | F29: Great Value Finely Shredded Sharp Cheddar Cheese 8-oz
A30: Salt/Pepper | B30: 1 tsp | C30: 1.94 | D30: 1.5g | E30: 0.01 | F30: Repeat Item
A31: Olive oil (sub with vegetable) | B31: 1 Tbs | C31: 5.94 | D31: 34 Tbsp | E31: =5.94/34 -> 0.17470588 | F31: Repeat Item
A32: Totals | C32: =SUM(C25:C31) -> 24.22 | E32: =SUM(E25:E31) -> 11.175331
A33: Recipe Reference:
A35: Taco Soup - Liliana | O35: 6
A36: Ground Beef | B36: 1lb | C36: 6.26 | D36: 1lb | E36: 6.26 | F36: Marketside Grass Fed Ground Beef 80 Lean 20 Fat 1-lb
A37: Onion (yellow?) | B37: 1 | C37: 0.78 | D37: 1 onion | E37: 0.78 | F37: Fresh Whole Yellow Onion Each
A38: Diced tomatos | B38: 1 can | C38: 0.96 | D38: 1 can | E38: 0.96 | F38: Great Value Petite Diced Tomatoes in Tomato Juice 14.5-oz
A39: Taco seasoning | B39: 1 packet | C39: 0.97 | D39: 1 packet | E39: 0.97 | F39: McCormick Mild Taco Seasoning Mix, 1.0 oz Packet
A40: Kindey beans | B40: 1 can | C40: 0.86 | D40: 1 can | E40: 0.86 | F40: Great Value Dark Red Kidney Beans 15.5-oz
A41: Sweet corn | B41: 1 can | C41: 0.76 | D41: 1 can | E41: 0.76 | F41: Great Value Golden Sweet Whole Kernel Corn 15-Oz
A42: Salt/Pepper | B42: A pinch | C42: 1.94 | D42: 1.5g | E42: 0.01 | F42: Repeat Item
A43: Shredded cheddar cheese | B43: 1.5 cup bag | C43: 1.97 | D43: 1 bag | E43: 1.97 | F43: Repeat Item
A44: Fritos | B44: half bag | C44: 3.97 | D44: 1 bag | E44: =0.5*3.97 -> 1.985 | F44: Fritos Regular Corn Chips 9.25-oz Single Bag
A45: Sour cream | B45: 1 small tub (8oz) | C45: 1.24 | D45: 8 oz | E45: 1.24 | F45: Great Value All Natural Sour Cream, 8 oz
A46: Totals | C46: =SUM(C36:C45) -> 19.71 | E46: =SUM(E36:E45) -> 15.795
A47: Recipe Reference:
A49: Pancakes - Nate | O49: 4
A50: Whole Wheat Flour | B50: 2 cups | C50: 5.58 | D50: 19 cups | E50: =5.58*(2/19) -> 0.58736842 | F50: King Arthur Baking Company Non-GMO Project Verified, Certified Kosher 100% Whole Grain Whole Wheat Flour, 5 lb Bag
A51: White Sugar | B51: 2 tbsp | C51: 1.72 | D51: 38 Tbsp | E51: =(2/38)*1.72 -> 0.090526316 | F51: Domino Premium Pure Cane Granulated Sugar, 1 lb Box
A52: Baking Powder | B52: 2 tsp | C52: 1.98 | D52: 48 tsp | E52: =(2/48)*1.98 -> 0.0825 | F52: Great Value Double Acting Baking Powder, 8.1 oz
A53: Baking Soda | B53: 1/2 tsp | C53: 0.92 | D53: 95 tsp | E53: 0.01 | F53: Great Value Baking Soda, 1 lb
A54: Salt | B54: 1/2 tsp | C54: 1.94 | D54: 1.5g | E54: 0.01 | F54: Repeat Item
A55: Buttermilk | B55: 2 1/4 cup | C55: 2.14 | D55: 4 cups | E55: =(2.25/4)*2.14 -> 1.20375 | F55: Galliker's Fresh Cultured Low Fat Buttermilk, Quart, Plastic Bottle, 32 fl oz
A56: Eggs | B56: 2 | C56: 1.13 | D56: 6 | E56: =1.13/3 -> 0.37666667 | F56: Great Value Large White Eggs, 6 Count
A57: Vegetable Oil | B57: 4 tbsp | C57: 2.97 | D57: 32 Tbsp | E57: =(4/32)*2.97 -> 0.37125 | F57: Crisco Pure Vegetable Cooking Oil, 16 fl oz
A58: Totals | C58: =SUM(C50:C57) -> 18.38 | E58: =SUM(E50:E57) -> 2.7320614
A59: Recipe: https://www.allrecipes.com/recipe/232131/100-whole-wheat-pancakes/
A61: Chicken Caesar Salad - Nate | O61: 2
A62: Romaine Lettuce | B62: 3 cups | C62: 3.34 | D62: 5.25 cups | E62: =(3/5.25)*3.34 -> 1.9085714 | F62: Marketside Hearts of Romaine Salad, 10 oz Bag
A63: Chicken Breast | B63: 1/2 lb | C63: =8.82 -> 8.82 | D63: 2 lbs | E63: =0.25*8.82 -> 2.205 | F63: Repeat Item
A64: Shredded Parmesan Cheese | B64: 1/4 cup | C64: 2.08 | D64: 1.5 cup | E64: =(0.25/1.5)*2.08 -> 0.34666667 | F64: Great Value Parmesan Finely Shredded Cheese, 6 oz Bag
A65: Croutons | B65: handful | C65: 1.42 | D65: 20 servings | E65: =1.42/20 -> 0.071 | F65: Great Value Seasoned Croutons, Baked and Seasoned, 5 oz Resealable Bag
A66: Caesar Salad Dressing | B66: 2 tbsp | C66: 1.97 | D66: 32 Tbsp | E66: =1.97/16 -> 0.123125 | F66: Great Value Creamy Caesar Salad Dressing & Dip, 16 fl oz
A67: Totals | C67: =SUM(C61:C66) -> 17.63 | E67: =SUM(E61:E66) -> 4.6543631
A68: Recipe: https://www.allrecipes.com/recipe/246106/classic-chicken-caesar-salad/
A70: Unstuffed Peppers - Fiona | O70: 4
A71: Bell Peppers | B71: 3 | C71: 2.48 | D71: 3 | E71: 2.48 | F71: Fresh Produce Whole Color Bell Peppers, 3 Count Bag
A72: White Onion | B72: 1 | C72: 1.27 | D72: 1 | E72: 1.27 | F72: Fresh Whole White Onions, Each
A73: 15 oz can crushed tomatoes | B73: 1 | C73: 1.48 | D73: 1 | E73: 1.48 | F73: Furmano's Crushed Tomatoes, 15oz, Can
A74: Olive Oil | B74: 1 Tbsp | C74: 5.94 | D74: 34 Tbsp | E74: =5.94/34 -> 0.17470588 | F74: Repeat Item
A75: Ground Beef | B75: 1 lb | C75: 6.26 | D75: 1lb | E75: 6.26 | F75: Repeat Item
A76: beef broth | B76: 2 cups | C76: 1.5 | D76: 4 cups | E76: =1.5*0.5 -> 0.75 | F76: Great Value Gluten-Free Beef Broth, 32 oz Carton, Shelf-Stable
A77: Rice (white?) | B77: 1 cup | C77: 0.92 | D77: 2.5 cups | E77: =0.92/2.5 -> 0.368 | F77: Great Value Long Grain Enriched Rice, 16 oz
A78: Paprika | B78: 1 tsp | C78: 1.08 | D78: 18 teaspoons | E78: =1.08/18 -> 0.06 | F78: Great Value Paprika, 2.5 oz
A79: Salt | B79: 1 tsp | C79: 1.94 | D79: 1.5g | E79: 0.01 | F79: Repeat Item
A80: garlic (minced) | B80: 1 Tbsp | C80: 1.87 | D80: 7.33 Tbsp | E80: =1.87/7.33 -> 0.25511596 | F80: Repeat Item
A81: Oregano | B81: 1 tsp | C81: 1.08 | D81: 5 tsp | E81: =1.08/5 -> 0.216 | F81: Great Value Oregano Leaves, 0.87 oz
A82: red pepper flakes | B82: 1 tsp | C82: 1.44 | D82: 24 tsp | E82: =1.44/24 -> 0.06 | F82: Great Value Crushed Red Pepper, 1.75 oz
A83: Totals | C83: =SUM(C71:C82) -> 27.26 | E83: =SUM(E71:E82) -> 13.383822
A84: Recipe Reference:
A86: Meatload - Nick | O86: 4
A87: Ground Beef | B87: 1 lb | C87: 6.26 | D87: 1lb | E87: 6.26 | F87: Repeat Item
A88: White Onion | B88: 0.5 | C88: 1.27 | D88: 1 | E88: =0.5*1.27 -> 0.635 | F88: Repeat Item
A89: Italian Bread Crumbs | B89: 1 cup | C89: 1.22 | D89: 3.75 cups | E89: =1.22/3.75 -> 0.32533333 | F89: Great Value Italian Style Bread Crumbs, 15 oz
A90: Egg | B90: 1 | C90: 1.13 | D90: 6 | E90: =1.13/6 -> 0.18833333 | F90: Repeat Item
A91: Milk(2%?) | B91: 1/4 cup | C91: 1.18 | D91: 2 cups | E91: =1.18/8 -> 0.1475 | F91: Repeat Item
A92: Salt/Pepper | B92: 1 tsp | C92: 1.94 | D92: 1.5g | E92: 0.01 | F92: Repeat Item
A93: Olive Oil | B93: 1 Tbsp | C93: 5.94 | D93: 34 Tbsp | E93: =5.94/34 -> 0.17470588 | F93: Repeat Item
A94: Totals | C94: =SUM(C87:C93) -> 18.94 | E94: =SUM(E87:E93) -> 7.7408725
A95: Recipe Reference:
A97: Beef & Avocado Burrito - Nick | O97: 4
A98: Ground Beef | B98: 0.5 lb | C98: 6.26 | D98: 1lb | E98: =0.5*6.26 -> 3.13 | F98: Repeat Item
A99: White Rice | B99: 1 cup | C99: 0.92 | D99: 2.5 cups | E99: =0.92/2.5 -> 0.368 | F99: Repeat Item
A100: Avocado | B100: 2 | C100: 0.55 | D100: 1 | E100: =2*0.55 -> 1.1 | F100: Fresh Hass Avocados, Each
A101: Shredded Mexican Style Cheese | B101: 1 cup | C101: 1.97 | D101: 2 cups | E101: =1.97/2 -> 0.985 | F101: Great Value Fiesta Blend Finely Shredded Cheese, 8 oz Bag
A102: Egg | B102: 2 | C102: 1.13 | D102: 6 | E102: =1.13/3 -> 0.37666667 | F102: Repeat Item
A103: Tortilla | B103: 4 | C103: 2.12 | D103: 8 count | E103: =2.12/2 -> 1.06 | F103: Repeat Item
A104: Olive Oil | B104: 2 tbsp | C104: 5.94 | D104: 34 Tbsp | E104: =(2/34)*5.94 -> 0.34941176 | F104: Repeat Item
A105: Totals | C105: =SUM(C98:C104) -> 18.89 | E105: =SUM(E98:E104) -> 7.3690784
A106: Recipe Reference:
A108: Veggie Sandwhich | O108: 1
A109: Sourdough Bread | B109: 2 slices | C109: 2.14 | D109: 12 slices | E109: =2.14/6 -> 0.35666667 | F109: Sara Lee Sourdough Bread, Half Loaf, 12 oz, Bread, Bag
A110: Cheese of Choice | B110: 1 slice | C110: 1.88 | D110: 16 slices | E110: =1.88/16 -> 0.1175 | F110: Great Value Individually Plastic Wrapped Singles American Cheese Product, 12 oz, 16 Slices
...
